"","state","daystoelection","samplesize","sampletype","Influence","Harris","Trump","state_abbrev","dem_percent2024","rep_percent2024","ev_total","called2020","dem_percent2020","rep_percent2020","called2016","called2024"
"1","Arizona",11,1025,"LV",1.345566,0.445,0.485,"AZ",0.466898179761964,0.522170480988956,11,"D",0.494,0.491,"R","R"
"2","Arizona",6,900,"LV",1.232772,0.487,0.508,"AZ",0.466898179761964,0.522170480988956,11,"D",0.494,0.491,"R","R"
"3","Arizona",2,875,"LV",1.006922,0.462,0.513,"AZ",0.466898179761964,0.522170480988956,11,"D",0.494,0.491,"R","R"
"4","Arizona",4,967,"LV",0.9575637,0.4545,0.521,"AZ",0.466898179761964,0.522170480988956,11,"D",0.494,0.491,"R","R"
"5","Arizona",11,1079,"LV",0.9422259,0.47,0.48,"AZ",0.466898179761964,0.522170480988956,11,"D",0.494,0.491,"R","R"
"6","Arizona",11,1458,"LV",0.9147515,0.4685,0.507,"AZ",0.466898179761964,0.522170480988956,11,"D",0.494,0.491,"R","R"
"7","Arizona",6,1005,"LV",0.8999168,0.4635,0.509,"AZ",0.466898179761964,0.522170480988956,11,"D",0.494,0.491,"R","R"
"8","Arizona",19,1193,"LV",0.8981364,0.49,0.5,"AZ",0.466898179761964,0.522170480988956,11,"D",0.494,0.491,"R","R"
"9","Arizona",4,800,"LV",0.8712187,0.462,0.491,"AZ",0.466898179761964,0.522170480988956,11,"D",0.494,0.491,"R","R"
"10","Arizona",10,550,"LV",0.8493602,0.419,0.497,"AZ",0.466898179761964,0.522170480988956,11,"D",0.494,0.491,"R","R"
"11","Arizona",11,856,"LV",0.846996,0.485,0.49,"AZ",0.466898179761964,0.522170480988956,11,"D",0.494,0.491,"R","R"
"12","Arizona",3,750,"LV",0.8423739,0.484,0.492,"AZ",0.466898179761964,0.522170480988956,11,"D",0.494,0.491,"R","R"
"13","Arizona",8,775,"LV",0.8381912,0.47,0.48,"AZ",0.466898179761964,0.522170480988956,11,"D",0.494,0.491,"R","R"
"14","Arizona",7,800,"LV",0.8060486,0.47,0.5,"AZ",0.466898179761964,0.522170480988956,11,"D",0.494,0.491,"R","R"
"15","Arizona",4,801,"RV",0.7884988,0.476,0.511,"AZ",0.466898179761964,0.522170480988956,11,"D",0.494,0.491,"R","R"
"16","Arizona",4,1090,"LV",0.7124547,0.471,0.492,"AZ",0.466898179761964,0.522170480988956,11,"D",0.494,0.491,"R","R"
"17","Arizona",11,803,"LV",0.6679139,0.46,0.48,"AZ",0.466898179761964,0.522170480988956,11,"D",0.494,0.491,"R","R"
"18","Arizona",15,781,"LV",0.6123391,0.48,0.47,"AZ",0.466898179761964,0.522170480988956,11,"D",0.494,0.491,"R","R"
"19","Arizona",12,500,"LV",0.6026633,0.48,0.49,"AZ",0.466898179761964,0.522170480988956,11,"D",0.494,0.491,"R","R"
"20","Arizona",24,1440,"LV",0.5818868,0.4895,0.492,"AZ",0.466898179761964,0.522170480988956,11,"D",0.494,0.491,"R","R"
"21","Arizona",8,610,"LV",0.5634784,0.48,0.5,"AZ",0.466898179761964,0.522170480988956,11,"D",0.494,0.491,"R","R"
"22","Arizona",33,1779,"LV",0.5560732,0.48,0.49,"AZ",0.466898179761964,0.522170480988956,11,"D",0.494,0.491,"R","R"
"23","Arizona",15,666,"LV",0.554713,0.483,0.484,"AZ",0.466898179761964,0.522170480988956,11,"D",0.494,0.491,"R","R"
"24","Arizona",11,589,"RV",0.5522659,0.45,0.43,"AZ",0.466898179761964,0.522170480988956,11,"D",0.494,0.491,"R","R"
"25","Arizona",17,800,"LV",0.4950587,0.47,0.495,"AZ",0.466898179761964,0.522170480988956,11,"D",0.494,0.491,"R","R"
"26","Arizona",12,1094,"LV",0.4619562,0.46,0.481,"AZ",0.466898179761964,0.522170480988956,11,"D",0.494,0.491,"R","R"
"27","Arizona",29,808,"LV",0.4604664,0.455,0.505,"AZ",0.466898179761964,0.522170480988956,11,"D",0.494,0.491,"R","R"
"28","Arizona",17,400,"LV",0.4386321,0.462,0.468,"AZ",0.466898179761964,0.522170480988956,11,"D",0.494,0.491,"R","R"
"29","Arizona",8,652,"LV",0.4216289,0.47,0.48,"AZ",0.466898179761964,0.522170480988956,11,"D",0.494,0.491,"R","R"
"30","Arizona",35,2066,"LV",0.4214225,0.47,0.51,"AZ",0.466898179761964,0.522170480988956,11,"D",0.494,0.491,"R","R"
"31","Arizona",25,1435,"LV",0.4166522,0.48,0.51,"AZ",0.466898179761964,0.522170480988956,11,"D",0.494,0.491,"R","R"
"32","Arizona",24,846,"RV",0.4142527,0.4615,0.4548,"AZ",0.466898179761964,0.522170480988956,11,"D",0.494,0.491,"R","R"
"33","Arizona",20,861,"LV",0.3812953,0.485,0.485,"AZ",0.466898179761964,0.522170480988956,11,"D",0.494,0.491,"R","R"
"34","Arizona",11,901,"LV",0.3567786,0.47,0.49,"AZ",0.466898179761964,0.522170480988956,11,"D",0.494,0.491,"R","R"
"35","Arizona",31,1000,"LV",0.3513722,0.482,0.505,"AZ",0.466898179761964,0.522170480988956,11,"D",0.494,0.491,"R","R"
"36","Arizona",36,580,"LV",0.3347004,0.46,0.49,"AZ",0.466898179761964,0.522170480988956,11,"D",0.494,0.491,"R","R"
"37","Arizona",26,1090,"LV",0.2531877,0.46,0.475,"AZ",0.466898179761964,0.522170480988956,11,"D",0.494,0.491,"R","R"
"38","Arizona",16,710,"LV",0.243276,0.46,0.48,"AZ",0.466898179761964,0.522170480988956,11,"D",0.494,0.491,"R","R"
"39","Arizona",30,653,"LV",0.2403548,0.49,0.48,"AZ",0.466898179761964,0.522170480988956,11,"D",0.494,0.491,"R","R"
"40","Arizona",30,800,"LV",0.207748,0.46,0.49,"AZ",0.466898179761964,0.522170480988956,11,"D",0.494,0.491,"R","R"
"41","Arizona",20,691,"LV",0.1970621,0.46,0.49,"AZ",0.466898179761964,0.522170480988956,11,"D",0.494,0.491,"R","R"
"42","Arizona",24,1141,"LV",0.196234,0.46,0.48,"AZ",0.466898179761964,0.522170480988956,11,"D",0.494,0.491,"R","R"
"43","Arizona",36,783,"LV",0.1657303,0.46,0.5,"AZ",0.466898179761964,0.522170480988956,11,"D",0.494,0.491,"R","R"
"44","Arizona",38,600,"RV",0.1599588,0.475,0.455,"AZ",0.466898179761964,0.522170480988956,11,"D",0.494,0.491,"R","R"
"45","Arizona",37,800,"LV",0.1183478,0.477,0.491,"AZ",0.466898179761964,0.522170480988956,11,"D",0.494,0.491,"R","R"
"46","Arizona",39,920,"LV",0.0961461,0.476,0.517,"AZ",0.466898179761964,0.522170480988956,11,"D",0.494,0.491,"R","R"
"47","Arizona",39,555,"LV",0.0800801,0.47,0.48,"AZ",0.466898179761964,0.522170480988956,11,"D",0.494,0.491,"R","R"
"48","Arizona",42,500,"LV",0.0776417,0.45,0.47,"AZ",0.466898179761964,0.522170480988956,11,"D",0.494,0.491,"R","R"
"49","Arizona",42,600,"LV",0.0722918,0.475,0.495,"AZ",0.466898179761964,0.522170480988956,11,"D",0.494,0.491,"R","R"
"50","Arizona",40,500,"LV",0.0666197,0.476,0.454,"AZ",0.466898179761964,0.522170480988956,11,"D",0.494,0.491,"R","R"
"51","Arizona",41,600,"LV",0.0582761,0.47,0.46,"AZ",0.466898179761964,0.522170480988956,11,"D",0.494,0.491,"R","R"
"52","Arizona",43,400,"LV",0.0369739,0.475,0.47,"AZ",0.466898179761964,0.522170480988956,11,"D",0.494,0.491,"R","R"
"53","Arizona",74,682,"LV",0,0.44,0.49,"AZ",0.466898179761964,0.522170480988956,11,"D",0.494,0.491,"R","R"
"54","Arizona",99,618,"RV",0,0.47,0.49,"AZ",0.466898179761964,0.522170480988956,11,"D",0.494,0.491,"R","R"
"55","Arizona",85,1003,"RV",0,0.435,0.455,"AZ",0.466898179761964,0.522170480988956,11,"D",0.494,0.491,"R","R"
"56","Arizona",46,946,"LV",0,0.486,0.4975,"AZ",0.466898179761964,0.522170480988956,11,"D",0.494,0.491,"R","R"
"57","Arizona",72,720,"LV",0,0.475,0.512,"AZ",0.466898179761964,0.522170480988956,11,"D",0.494,0.491,"R","R"
"58","Arizona",63,949,"LV",0,0.474,0.4725,"AZ",0.466898179761964,0.522170480988956,11,"D",0.494,0.491,"R","R"
"59","Arizona",98,500,"LV",0,0.444,0.416,"AZ",0.466898179761964,0.522170480988956,11,"D",0.494,0.491,"R","R"
"60","Arizona",106,510,"LV",0,0.43,0.46,"AZ",0.466898179761964,0.522170480988956,11,"D",0.494,0.491,"R","R"
"61","Arizona",47,1264,"LV",0,0.49,0.5,"AZ",0.466898179761964,0.522170480988956,11,"D",0.494,0.491,"R","R"
"62","Arizona",109,736,"RV",0,0.4,0.46,"AZ",0.466898179761964,0.522170480988956,11,"D",0.494,0.491,"R","R"
"63","Arizona",83,600,"LV",0,0.4685,0.4755,"AZ",0.466898179761964,0.522170480988956,11,"D",0.494,0.491,"R","R"
"64","Arizona",91,702,"LV",0,0.4675,0.4865,"AZ",0.466898179761964,0.522170480988956,11,"D",0.494,0.491,"R","R"
"65","Arizona",51,868,"LV",0,0.487,0.498,"AZ",0.466898179761964,0.522170480988956,11,"D",0.494,0.491,"R","R"
"66","Arizona",59,550,"LV",0,0.46,0.462,"AZ",0.466898179761964,0.522170480988956,11,"D",0.494,0.491,"R","R"
"67","Arizona",60,765,"LV",0,0.46,0.47,"AZ",0.466898179761964,0.522170480988956,11,"D",0.494,0.491,"R","R"
"68","Arizona",46,764,"LV",0,0.475,0.505,"AZ",0.466898179761964,0.522170480988956,11,"D",0.494,0.491,"R","R"
"69","Arizona",63,1097,"LV",0,0.5025,0.4875,"AZ",0.466898179761964,0.522170480988956,11,"D",0.494,0.491,"R","R"
"70","Arizona",57,862,"LV",0,0.4837,0.4735,"AZ",0.466898179761964,0.522170480988956,11,"D",0.494,0.491,"R","R"
"71","Arizona",50,789,"LV",0,0.47,0.47,"AZ",0.466898179761964,0.522170480988956,11,"D",0.494,0.491,"R","R"
"72","Arizona",106,800,"RV",0,0.436,0.5005,"AZ",0.466898179761964,0.522170480988956,11,"D",0.494,0.491,"R","R"
"73","Arizona",99,600,"LV",0,0.43,0.43,"AZ",0.466898179761964,0.522170480988956,11,"D",0.494,0.491,"R","R"
"74","Arizona",104,804,"RV",0,0.485,0.455,"AZ",0.466898179761964,0.522170480988956,11,"D",0.494,0.491,"R","R"
"75","Arizona",90,400,"RV",0,0.47,0.46,"AZ",0.466898179761964,0.522170480988956,11,"D",0.494,0.491,"R","R"
"76","Arizona",69,1155,"RV",0,0.418,0.4575,"AZ",0.466898179761964,0.522170480988956,11,"D",0.494,0.491,"R","R"
"77","Arizona",65,804,"RV",0,0.469,0.485,"AZ",0.466898179761964,0.522170480988956,11,"D",0.494,0.491,"R","R"
"78","Arizona",118,596,"RV",0,0.44,0.52,"AZ",0.466898179761964,0.522170480988956,11,"D",0.494,0.491,"R","R"
"79","Arizona",47,926,"LV",0,0.495,0.465,"AZ",0.466898179761964,0.522170480988956,11,"D",0.494,0.491,"R","R"
"80","Arizona",89,677,"LV",0,0.485,0.44,"AZ",0.466898179761964,0.522170480988956,11,"D",0.494,0.491,"R","R"
"81","Arizona",85,592,"LV",0,0.43,0.44,"AZ",0.466898179761964,0.522170480988956,11,"D",0.494,0.491,"R","R"
"82","Arizona",97,567,"LV",0,0.44,0.43,"AZ",0.466898179761964,0.522170480988956,11,"D",0.494,0.491,"R","R"
"83","Arizona",47,1030,"LV",0,0.47,0.49,"AZ",0.466898179761964,0.522170480988956,11,"D",0.494,0.491,"R","R"
"84","Arizona",102,435,"LV",0,0.47,0.44,"AZ",0.466898179761964,0.522170480988956,11,"D",0.494,0.491,"R","R"
"85","Arizona",47,500,"LV",0,0.424,0.484,"AZ",0.466898179761964,0.522170480988956,11,"D",0.494,0.491,"R","R"
"86","Arizona",55,1088,"LV",0,0.455,0.471,"AZ",0.466898179761964,0.522170480988956,11,"D",0.494,0.491,"R","R"
"87","Arizona",74,837,"LV",0,0.45,0.49,"AZ",0.466898179761964,0.522170480988956,11,"D",0.494,0.491,"R","R"
"88","Arizona",84,1187,"LV",0,0.445,0.46,"AZ",0.466898179761964,0.522170480988956,11,"D",0.494,0.491,"R","R"
"89","Arizona",67,901,"LV",0,0.4689,0.4905,"AZ",0.466898179761964,0.522170480988956,11,"D",0.494,0.491,"R","R"
"90","Arizona",97,800,"LV",0,0.42,0.44,"AZ",0.466898179761964,0.522170480988956,11,"D",0.494,0.491,"R","R"
"91","Arizona",74,776,"LV",0,0.485,0.475,"AZ",0.466898179761964,0.522170480988956,11,"D",0.494,0.491,"R","R"
"92","Arizona",72,530,"LV",0,0.45,0.46,"AZ",0.466898179761964,0.522170480988956,11,"D",0.494,0.491,"R","R"
"93","Arizona",49,713,"LV",0,0.44,0.49,"AZ",0.466898179761964,0.522170480988956,11,"D",0.494,0.491,"R","R"
"94","Arizona",74,1014,"RV",0,0.49,0.48,"AZ",0.466898179761964,0.522170480988956,11,"D",0.494,0.491,"R","R"
"95","Arizona",113,800,"LV",0,0.42,0.48,"AZ",0.466898179761964,0.522170480988956,11,"D",0.494,0.491,"R","R"
"96","Arizona",97,600,"LV",0,0.455,0.475,"AZ",0.466898179761964,0.522170480988956,11,"D",0.494,0.491,"R","R"
"97","Arizona",105,400,"LV",0,0.43,0.48,"AZ",0.466898179761964,0.522170480988956,11,"D",0.494,0.491,"R","R"
"98","Arizona",91,1092,"LV",0,0.465,0.477,"AZ",0.466898179761964,0.522170480988956,11,"D",0.494,0.491,"R","R"
"99","Arizona",47,409,"LV",0,0.5,0.475,"AZ",0.466898179761964,0.522170480988956,11,"D",0.494,0.491,"R","R"
"100","Arizona",68,800,"LV",0,0.484,0.486,"AZ",0.466898179761964,0.522170480988956,11,"D",0.494,0.491,"R","R"
"101","Florida",13,2022,"LV",1.023295,0.461,0.509,"FL",0.429882927388103,0.560883431163111,30,"R",0.479,0.512,"R","R"
"102","Florida",10,600,"LV",0.9674579,0.431,0.482,"FL",0.429882927388103,0.560883431163111,30,"R",0.479,0.512,"R","R"
"103","Florida",13,1227,"LV",0.9054291,0.446,0.503,"FL",0.429882927388103,0.560883431163111,30,"R",0.479,0.512,"R","R"
"104","Florida",3,450,"LV",0.8516576,0.44,0.51,"FL",0.429882927388103,0.560883431163111,30,"R",0.479,0.512,"R","R"
"105","Florida",18,860,"LV",0.7545886,0.459,0.536,"FL",0.429882927388103,0.560883431163111,30,"R",0.479,0.512,"R","R"
"106","Florida",4,400,"LV",0.7138817,0.469,0.512,"FL",0.429882927388103,0.560883431163111,30,"R",0.479,0.512,"R","R"
"107","Florida",17,897,"LV",0.6598822,0.44,0.53,"FL",0.429882927388103,0.560883431163111,30,"R",0.479,0.512,"R","R"
"108","Florida",11,452,"LV",0.6443478,0.46,0.53,"FL",0.429882927388103,0.560883431163111,30,"R",0.479,0.512,"R","R"
"109","Florida",35,5916,"LV",0.6061702,0.46,0.52,"FL",0.429882927388103,0.560883431163111,30,"R",0.479,0.512,"R","R"
"110","Florida",20,1234,"LV",0.553894,0.4425,0.498,"FL",0.429882927388103,0.560883431163111,30,"R",0.479,0.512,"R","R"
"111","Florida",29,977,"LV",0.5420178,0.43,0.53,"FL",0.429882927388103,0.560883431163111,30,"R",0.479,0.512,"R","R"
"112","Florida",33,1250,"LV",0.5274271,0.45,0.52,"FL",0.429882927388103,0.560883431163111,30,"R",0.479,0.512,"R","R"
"113","Florida",22,788,"LV",0.4819365,0.47,0.52,"FL",0.429882927388103,0.560883431163111,30,"R",0.479,0.512,"R","R"
"114","Florida",33,1257,"LV",0.3855123,0.47,0.51,"FL",0.429882927388103,0.560883431163111,30,"R",0.479,0.512,"R","R"
"115","Florida",20,1275,"LV",0.3644768,0.45,0.49,"FL",0.429882927388103,0.560883431163111,30,"R",0.479,0.512,"R","R"
"116","Florida",29,1076,"LV",0.3065549,0.46,0.51,"FL",0.429882927388103,0.560883431163111,30,"R",0.479,0.512,"R","R"
"117","Florida",26,614,"LV",0.3008187,0.45,0.51,"FL",0.429882927388103,0.560883431163111,30,"R",0.479,0.512,"R","R"
"118","Florida",37,622,"LV",0.2491266,0.405,0.54,"FL",0.429882927388103,0.560883431163111,30,"R",0.479,0.512,"R","R"
"119","Florida",31,818,"RV",0.2461768,0.44,0.51,"FL",0.429882927388103,0.560883431163111,30,"R",0.479,0.512,"R","R"
"120","Florida",24,1009,"LV",0.2370312,0.44,0.5,"FL",0.429882927388103,0.560883431163111,30,"R",0.479,0.512,"R","R"
"121","Florida",35,625,"LV",0.2116613,0.43,0.49,"FL",0.429882927388103,0.560883431163111,30,"R",0.479,0.512,"R","R"
"122","Florida",39,2946,"LV",0.1236129,0.45,0.49,"FL",0.429882927388103,0.560883431163111,30,"R",0.479,0.512,"R","R"
"123","Florida",41,774,"LV",0.0613826,0.48,0.5,"FL",0.429882927388103,0.560883431163111,30,"R",0.479,0.512,"R","R"
"124","Florida",41,808,"RV",0.0592371,0.455,0.495,"FL",0.429882927388103,0.560883431163111,30,"R",0.479,0.512,"R","R"
"125","Florida",44,600,"LV",0.0254741,0.449,0.469,"FL",0.429882927388103,0.560883431163111,30,"R",0.479,0.512,"R","R"
"126","Florida",43,1200,"LV",0.0235997,0.46,0.51,"FL",0.429882927388103,0.560883431163111,30,"R",0.479,0.512,"R","R"
"127","Florida",72,850,"LV",0,0.43,0.48,"FL",0.429882927388103,0.560883431163111,30,"R",0.479,0.512,"R","R"
"128","Florida",85,1296,"LV",0,0.43,0.48,"FL",0.429882927388103,0.560883431163111,30,"R",0.479,0.512,"R","R"
"129","Florida",60,1465,"LV",0,0.44,0.5,"FL",0.429882927388103,0.560883431163111,30,"R",0.479,0.512,"R","R"
"130","Florida",50,1602,"LV",0,0.45,0.5,"FL",0.429882927388103,0.560883431163111,30,"R",0.479,0.512,"R","R"
"131","Florida",63,815,"LV",0,0.476,0.511,"FL",0.429882927388103,0.560883431163111,30,"R",0.479,0.512,"R","R"
"132","Florida",90,500,"LV",0,0.418,0.468,"FL",0.429882927388103,0.560883431163111,30,"R",0.479,0.512,"R","R"
"133","Florida",91,800,"LV",0,0.44,0.52,"FL",0.429882927388103,0.560883431163111,30,"R",0.479,0.512,"R","R"
"134","Florida",82,600,"LV",0,0.45,0.52,"FL",0.429882927388103,0.560883431163111,30,"R",0.479,0.512,"R","R"
"135","Florida",87,1040,"LV",0,0.46,0.485,"FL",0.429882927388103,0.560883431163111,30,"R",0.479,0.512,"R","R"
"136","Florida",46,600,"RV",0,0.47,0.48,"FL",0.429882927388103,0.560883431163111,30,"R",0.479,0.512,"R","R"
"137","Florida",104,774,"LV",0,0.42,0.49,"FL",0.429882927388103,0.560883431163111,30,"R",0.479,0.512,"R","R"
"138","Florida",106,572,"LV",0,0.39,0.47,"FL",0.429882927388103,0.560883431163111,30,"R",0.479,0.512,"R","R"
"139","Florida",97,976,"LV",0,0.41,0.47,"FL",0.429882927388103,0.560883431163111,30,"R",0.479,0.512,"R","R"
"140","Florida",76,837,"RV",0,0.46,0.495,"FL",0.429882927388103,0.560883431163111,30,"R",0.479,0.512,"R","R"
"141","Florida",113,800,"LV",0,0.39,0.493,"FL",0.429882927388103,0.560883431163111,30,"R",0.479,0.512,"R","R"
"142","Florida",57,2948,"LV",0,0.468,0.4952,"FL",0.429882927388103,0.560883431163111,30,"R",0.479,0.512,"R","R"
"143","Florida",67,3182,"LV",0,0.4705,0.4912,"FL",0.429882927388103,0.560883431163111,30,"R",0.479,0.512,"R","R"
"144","Florida",109,988,"LV",0,0.42,0.47,"FL",0.429882927388103,0.560883431163111,30,"R",0.479,0.512,"R","R"
"145","Georgia",12,1004,"LV",1.294477,0.47,0.465,"GA",0.485252923067547,0.507172953995549,16,"D",0.495,0.493,"R","R"
"146","Georgia",6,800,"LV",1.186365,0.493,0.498,"GA",0.485252923067547,0.507172953995549,16,"D",0.495,0.493,"R","R"
"147","Georgia",2,1112,"LV",1.080405,0.4825,0.4905,"GA",0.485252923067547,0.507172953995549,16,"D",0.495,0.493,"R","R"
"148","Georgia",4,1174,"LV",1.009146,0.472,0.4935,"GA",0.485252923067547,0.507172953995549,16,"D",0.495,0.493,"R","R"
"149","Georgia",3,800,"LV",0.9632148,0.477,0.487,"GA",0.485252923067547,0.507172953995549,16,"D",0.495,0.493,"R","R"
"150","Georgia",6,1212,"LV",0.9469233,0.475,0.4945,"GA",0.485252923067547,0.507172953995549,16,"D",0.495,0.493,"R","R"
"151","Georgia",11,939,"LV",0.9289616,0.475,0.49,"GA",0.485252923067547,0.507172953995549,16,"D",0.495,0.493,"R","R"
"152","Georgia",8,902,"LV",0.9231603,0.491,0.495,"GA",0.485252923067547,0.507172953995549,16,"D",0.495,0.493,"R","R"
"153","Georgia",11,972,"LV",0.9166136,0.49,0.48,"GA",0.485252923067547,0.507172953995549,16,"D",0.495,0.493,"R","R"
"154","Georgia",19,1193,"LV",0.8981364,0.49,0.49,"GA",0.485252923067547,0.507172953995549,16,"D",0.495,0.493,"R","R"
"155","Georgia",11,1429,"LV",0.8895034,0.473,0.5055,"GA",0.485252923067547,0.507172953995549,16,"D",0.495,0.493,"R","R"
"156","Georgia",4,818,"RV",0.7921951,0.486,0.504,"GA",0.485252923067547,0.507172953995549,16,"D",0.495,0.493,"R","R"
"157","Georgia",11,910,"LV",0.6860281,0.46,0.51,"GA",0.485252923067547,0.507172953995549,16,"D",0.495,0.493,"R","R"
"158","Georgia",13,732,"LV",0.6511243,0.47,0.48,"GA",0.485252923067547,0.507172953995549,16,"D",0.495,0.493,"R","R"
"159","Georgia",12,1087,"LV",0.6368979,0.459,0.483,"GA",0.485252923067547,0.507172953995549,16,"D",0.495,0.493,"R","R"
"160","Georgia",15,1009,"LV",0.6177858,0.48,0.496,"GA",0.485252923067547,0.507172953995549,16,"D",0.495,0.493,"R","R"
"161","Georgia",15,829,"LV",0.5974924,0.47,0.49,"GA",0.485252923067547,0.507172953995549,16,"D",0.495,0.493,"R","R"
"162","Georgia",22,813,"LV",0.5750953,0.4865,0.485,"GA",0.485252923067547,0.507172953995549,16,"D",0.495,0.493,"R","R"
"163","Georgia",19,1126,"LV",0.5717156,0.47,0.49,"GA",0.485252923067547,0.507172953995549,16,"D",0.495,0.493,"R","R"
"164","Georgia",24,1411,"LV",0.5706561,0.4825,0.498,"GA",0.485252923067547,0.507172953995549,16,"D",0.495,0.493,"R","R"
"165","Georgia",33,1850,"LV",0.5602531,0.48,0.49,"GA",0.485252923067547,0.507172953995549,16,"D",0.495,0.493,"R","R"
"166","Georgia",35,2663,"LV",0.5587436,0.46,0.51,"GA",0.485252923067547,0.507172953995549,16,"D",0.495,0.493,"R","R"
"167","Georgia",8,1779,"LV",0.5412344,0.47,0.48,"GA",0.485252923067547,0.507172953995549,16,"D",0.495,0.493,"R","R"
"168","Georgia",26,1328,"LV",0.5103014,0.455,0.52,"GA",0.485252923067547,0.507172953995549,16,"D",0.495,0.493,"R","R"
"169","Georgia",29,1000,"LV",0.4106499,0.434,0.47,"GA",0.485252923067547,0.507172953995549,16,"D",0.495,0.493,"R","R"
"170","Georgia",31,1000,"LV",0.379449,0.498,0.497,"GA",0.485252923067547,0.507172953995549,16,"D",0.495,0.493,"R","R"
"171","Georgia",36,730,"LV",0.3637939,0.51,0.47,"GA",0.485252923067547,0.507172953995549,16,"D",0.495,0.493,"R","R"
"172","Georgia",22,800,"RV",0.3622951,0.47,0.49,"GA",0.485252923067547,0.507172953995549,16,"D",0.495,0.493,"R","R"
"173","Georgia",20,855,"LV",0.3612229,0.48,0.495,"GA",0.485252923067547,0.507172953995549,16,"D",0.495,0.493,"R","R"
"174","Georgia",27,701,"LV",0.3380221,0.458,0.489,"GA",0.485252923067547,0.507172953995549,16,"D",0.495,0.493,"R","R"
"175","Georgia",11,1112,"LV",0.3334971,0.47,0.48,"GA",0.485252923067547,0.507172953995549,16,"D",0.495,0.493,"R","R"
"176","Georgia",29,731,"LV",0.309417,0.47,0.5,"GA",0.485252923067547,0.507172953995549,16,"D",0.495,0.493,"R","R"
"177","Georgia",30,1002,"LV",0.2685578,0.48,0.49,"GA",0.485252923067547,0.507172953995549,16,"D",0.495,0.493,"R","R"
"178","Georgia",29,1089,"LV",0.2592424,0.449,0.462,"GA",0.485252923067547,0.507172953995549,16,"D",0.495,0.493,"R","R"
"179","Georgia",16,1168,"LV",0.2536246,0.47,0.48,"GA",0.485252923067547,0.507172953995549,16,"D",0.495,0.493,"R","R"
"180","Georgia",30,800,"LV",0.207748,0.45,0.5,"GA",0.485252923067547,0.507172953995549,16,"D",0.495,0.493,"R","R"
"181","Georgia",20,1019,"LV",0.1923783,0.47,0.48,"GA",0.485252923067547,0.507172953995549,16,"D",0.495,0.493,"R","R"
"182","Georgia",38,600,"RV",0.1599588,0.47,0.455,"GA",0.485252923067547,0.507172953995549,16,"D",0.495,0.493,"R","R"
"183","Georgia",24,637,"LV",0.1241665,0.47,0.47,"GA",0.485252923067547,0.507172953995549,16,"D",0.495,0.493,"R","R"
"184","Georgia",39,3783,"LV",0.1169878,0.47,0.47,"GA",0.485252923067547,0.507172953995549,16,"D",0.495,0.493,"R","R"
"185","Georgia",37,800,"LV",0.1125078,0.483,0.481,"GA",0.485252923067547,0.507172953995549,16,"D",0.495,0.493,"R","R"
"186","Georgia",28,608,"LV",0.1046585,0.47,0.48,"GA",0.485252923067547,0.507172953995549,16,"D",0.495,0.493,"R","R"
"187","Georgia",41,942,"LV",0.0831613,0.445,0.5,"GA",0.485252923067547,0.507172953995549,16,"D",0.495,0.493,"R","R"
"188","Georgia",42,500,"LV",0.0776417,0.44,0.47,"GA",0.485252923067547,0.507172953995549,16,"D",0.495,0.493,"R","R"
"189","Georgia",43,400,"LV",0.0369739,0.465,0.47,"GA",0.485252923067547,0.507172953995549,16,"D",0.495,0.493,"R","R"
"190","Georgia",63,1081,"LV",0,0.5,0.489,"GA",0.485252923067547,0.507172953995549,16,"D",0.495,0.493,"R","R"
"191","Georgia",51,975,"LV",0,0.482,0.503,"GA",0.485252923067547,0.507172953995549,16,"D",0.495,0.493,"R","R"
"192","Georgia",91,651,"LV",0,0.4665,0.507,"GA",0.485252923067547,0.507172953995549,16,"D",0.495,0.493,"R","R"
"193","Georgia",74,920,"LV",0,0.46,0.49,"GA",0.485252923067547,0.507172953995549,16,"D",0.495,0.493,"R","R"
"194","Georgia",83,600,"LV",0,0.4785,0.487,"GA",0.485252923067547,0.507172953995549,16,"D",0.495,0.493,"R","R"
"195","Georgia",47,913,"LV",0,0.485,0.485,"GA",0.485252923067547,0.507172953995549,16,"D",0.495,0.493,"R","R"
"196","Georgia",113,800,"LV",0,0.367,0.471,"GA",0.485252923067547,0.507172953995549,16,"D",0.495,0.493,"R","R"
"197","Georgia",119,1000,"LV",0,0.459,0.505,"GA",0.485252923067547,0.507172953995549,16,"D",0.495,0.493,"R","R"
"198","Georgia",57,1347,"LV",0,0.4768,0.4863,"GA",0.485252923067547,0.507172953995549,16,"D",0.495,0.493,"R","R"
"199","Georgia",99,0,"LV",0,0.47,0.49,"GA",0.485252923067547,0.507172953995549,16,"D",0.495,0.493,"R","R"
"200","Georgia",57,1000,"LV",0,0.444,0.469,"GA",0.485252923067547,0.507172953995549,16,"D",0.495,0.493,"R","R"
"201","Georgia",46,707,"LV",0,0.505,0.48,"GA",0.485252923067547,0.507172953995549,16,"D",0.495,0.493,"R","R"
"202","Georgia",65,814,"RV",0,0.483,0.489,"GA",0.485252923067547,0.507172953995549,16,"D",0.495,0.493,"R","R"
"203","Georgia",104,799,"RV",0,0.46,0.46,"GA",0.485252923067547,0.507172953995549,16,"D",0.495,0.493,"R","R"
"204","Georgia",97,1128,"LV",0,0.44,0.46,"GA",0.485252923067547,0.507172953995549,16,"D",0.495,0.493,"R","R"
"205","Georgia",67,1405,"LV",0,0.4839,0.4751,"GA",0.485252923067547,0.507172953995549,16,"D",0.495,0.493,"R","R"
"206","Georgia",47,411,"LV",0,0.47,0.485,"GA",0.485252923067547,0.507172953995549,16,"D",0.495,0.493,"R","R"
"207","Georgia",60,562,"LV",0,0.47,0.49,"GA",0.485252923067547,0.507172953995549,16,"D",0.495,0.493,"R","R"
"208","Georgia",46,1200,"LV",0,0.49,0.4945,"GA",0.485252923067547,0.507172953995549,16,"D",0.495,0.493,"R","R"
"209","Georgia",61,567,"LV",0,0.45,0.47,"GA",0.485252923067547,0.507172953995549,16,"D",0.495,0.493,"R","R"
"210","Georgia",114,312,"LV",0,0.41,0.475,"GA",0.485252923067547,0.507172953995549,16,"D",0.495,0.493,"R","R"
"211","Georgia",85,692,"LV",0,0.46,0.46,"GA",0.485252923067547,0.507172953995549,16,"D",0.495,0.493,"R","R"
"212","Georgia",46,600,"RV",0,0.49,0.47,"GA",0.485252923067547,0.507172953995549,16,"D",0.495,0.493,"R","R"
"213","Georgia",47,1152,"LV",0,0.47,0.505,"GA",0.485252923067547,0.507172953995549,16,"D",0.495,0.493,"R","R"
"214","Georgia",104,600,"LV",0,0.46,0.47,"GA",0.485252923067547,0.507172953995549,16,"D",0.495,0.493,"R","R"
"215","Georgia",99,662,"RV",0,0.48,0.47,"GA",0.485252923067547,0.507172953995549,16,"D",0.495,0.493,"R","R"
"216","Georgia",46,1441,"LV",0,0.49,0.51,"GA",0.485252923067547,0.507172953995549,16,"D",0.495,0.493,"R","R"
"217","Georgia",54,1098,"LV",0,0.445,0.462,"GA",0.485252923067547,0.507172953995549,16,"D",0.495,0.493,"R","R"
"218","Georgia",50,1043,"LV",0,0.46,0.48,"GA",0.485252923067547,0.507172953995549,16,"D",0.495,0.493,"R","R"
"219","Georgia",74,617,"LV",0,0.48,0.47,"GA",0.485252923067547,0.507172953995549,16,"D",0.495,0.493,"R","R"
"220","Georgia",106,1180,"LV",0,0.42,0.47,"GA",0.485252923067547,0.507172953995549,16,"D",0.495,0.493,"R","R"
"221","Georgia",47,1220,"LV",0,0.49,0.5,"GA",0.485252923067547,0.507172953995549,16,"D",0.495,0.493,"R","R"
"222","Georgia",102,405,"LV",0,0.47,0.47,"GA",0.485252923067547,0.507172953995549,16,"D",0.495,0.493,"R","R"
"223","Georgia",72,800,"LV",0,0.501,0.49,"GA",0.485252923067547,0.507172953995549,16,"D",0.495,0.493,"R","R"
"224","Georgia",88,661,"LV",0,0.45,0.485,"GA",0.485252923067547,0.507172953995549,16,"D",0.495,0.493,"R","R"
"225","Georgia",62,969,"LV",0,0.455,0.49,"GA",0.485252923067547,0.507172953995549,16,"D",0.495,0.493,"R","R"
"226","Georgia",72,699,"LV",0,0.42,0.44,"GA",0.485252923067547,0.507172953995549,16,"D",0.495,0.493,"R","R"
"227","Georgia",68,800,"LV",0,0.483,0.476,"GA",0.485252923067547,0.507172953995549,16,"D",0.495,0.493,"R","R"
"228","Georgia",74,737,"LV",0,0.49,0.465,"GA",0.485252923067547,0.507172953995549,16,"D",0.495,0.493,"R","R"
"229","Georgia",49,682,"LV",0,0.445,0.48,"GA",0.485252923067547,0.507172953995549,16,"D",0.495,0.493,"R","R"
"230","Georgia",116,549,"LV",0,0.405,0.49,"GA",0.485252923067547,0.507172953995549,16,"D",0.495,0.493,"R","R"
"231","Georgia",74,1014,"RV",0,0.49,0.47,"GA",0.485252923067547,0.507172953995549,16,"D",0.495,0.493,"R","R"
"232","Georgia",50,835,"LV",0,0.477,0.4795,"GA",0.485252923067547,0.507172953995549,16,"D",0.495,0.493,"R","R"
"233","Georgia",106,800,"RV",0,0.461,0.485,"GA",0.485252923067547,0.507172953995549,16,"D",0.495,0.493,"R","R"
"234","Georgia",106,400,"LV",0,0.455,0.469,"GA",0.485252923067547,0.507172953995549,16,"D",0.495,0.493,"R","R"
"235","Iowa",8,808,"LV",1.413144,0.47,0.44,"IA",0.425173098263547,0.557268203420968,6,"R",0.449,0.531,"R","R"
"236","Iowa",4,800,"LV",1.275479,0.448,0.539,"IA",0.425173098263547,0.557268203420968,6,"R",0.449,0.531,"R","R"
"237","Iowa",3,800,"LV",1.01441,0.456,0.524,"IA",0.425173098263547,0.557268203420968,6,"R",0.449,0.531,"R","R"
"238","Iowa",39,600,"LV",0.4666269,0.446,0.513,"IA",0.425173098263547,0.557268203420968,6,"R",0.449,0.531,"R","R"
"239","Iowa",58,656,"LV",0.2467875,0.43,0.47,"IA",0.425173098263547,0.557268203420968,6,"R",0.449,0.531,"R","R"
"240","Michigan",7,998,"LV",1.423781,0.46,0.46,"MI",0.483129085097135,0.497271099501323,15,"D",0.506,0.478,"R","R"
"241","Michigan",9,1214,"LV",1.284721,0.51,0.48,"MI",0.483129085097135,0.497271099501323,15,"D",0.506,0.478,"R","R"
"242","Michigan",12,1003,"LV",1.144474,0.47,0.46,"MI",0.483129085097135,0.497271099501323,15,"D",0.506,0.478,"R","R"
"243","Michigan",2,1113,"LV",1.093607,0.4805,0.497,"MI",0.483129085097135,0.497271099501323,15,"D",0.506,0.478,"R","R"
"244","Michigan",12,988,"LV",1.0856,0.485,0.475,"MI",0.483129085097135,0.497271099501323,15,"D",0.506,0.478,"R","R"
"245","Michigan",6,790,"LV",1.041968,0.505,0.489,"MI",0.483129085097135,0.497271099501323,15,"D",0.506,0.478,"R","R"
"246","Michigan",4,1198,"LV",1.030802,0.48,0.495,"MI",0.483129085097135,0.497271099501323,15,"D",0.506,0.478,"R","R"
"247","Michigan",6,1136,"LV",0.9364041,0.485,0.4925,"MI",0.483129085097135,0.497271099501323,15,"D",0.506,0.478,"R","R"
"248","Michigan",11,942,"LV",0.9330729,0.49,0.46,"MI",0.483129085097135,0.497271099501323,15,"D",0.506,0.478,"R","R"
"249","Michigan",11,1000,"LV",0.9071594,0.493,0.498,"MI",0.483129085097135,0.497271099501323,15,"D",0.506,0.478,"R","R"
"250","Michigan",9,600,"LV",0.8679935,0.475,0.475,"MI",0.483129085097135,0.497271099501323,15,"D",0.506,0.478,"R","R"
"251","Michigan",3,450,"LV",0.8282061,0.49,0.47,"MI",0.483129085097135,0.497271099501323,15,"D",0.506,0.478,"R","R"
"252","Michigan",7,800,"LV",0.8060486,0.48,0.48,"MI",0.483129085097135,0.497271099501323,15,"D",0.506,0.478,"R","R"
"253","Michigan",4,1079,"LV",0.7963984,0.474,0.478,"MI",0.483129085097135,0.497271099501323,15,"D",0.506,0.478,"R","R"
"254","Michigan",12,500,"LV",0.7872978,0.47,0.474,"MI",0.483129085097135,0.497271099501323,15,"D",0.506,0.478,"R","R"
"255","Michigan",11,983,"LV",0.7793316,0.48,0.4925,"MI",0.483129085097135,0.497271099501323,15,"D",0.506,0.478,"R","R"
"256","Michigan",12,600,"LV",0.7774069,0.48,0.45,"MI",0.483129085097135,0.497271099501323,15,"D",0.506,0.478,"R","R"
"257","Michigan",4,800,"LV",0.7684479,0.473,0.472,"MI",0.483129085097135,0.497271099501323,15,"D",0.506,0.478,"R","R"
"258","Michigan",11,713,"LV",0.7619697,0.49,0.47,"MI",0.483129085097135,0.497271099501323,15,"D",0.506,0.478,"R","R"
"259","Michigan",19,1136,"LV",0.7188285,0.495,0.46,"MI",0.483129085097135,0.497271099501323,15,"D",0.506,0.478,"R","R"
"260","Michigan",20,600,"LV",0.684009,0.49,0.45,"MI",0.483129085097135,0.497271099501323,15,"D",0.506,0.478,"R","R"
"261","Michigan",14,1108,"LV",0.6825923,0.485,0.475,"MI",0.483129085097135,0.497271099501323,15,"D",0.506,0.478,"R","R"
"262","Michigan",13,400,"LV",0.6756034,0.517,0.466,"MI",0.483129085097135,0.497271099501323,15,"D",0.506,0.478,"R","R"
"263","Michigan",4,858,"RV",0.651071,0.492,0.485,"MI",0.483129085097135,0.497271099501323,15,"D",0.506,0.478,"R","R"
"264","Michigan",12,908,"LV",0.6505751,0.49,0.48,"MI",0.483129085097135,0.497271099501323,15,"D",0.506,0.478,"R","R"
"265","Michigan",13,726,"LV",0.6499084,0.48,0.43,"MI",0.483129085097135,0.497271099501323,15,"D",0.506,0.478,"R","R"
"266","Michigan",14,600,"LV",0.6419157,0.467,0.437,"MI",0.483129085097135,0.497271099501323,15,"D",0.506,0.478,"R","R"
"267","Michigan",10,800,"LV",0.5979302,0.479,0.485,"MI",0.483129085097135,0.497271099501323,15,"D",0.506,0.478,"R","R"
"268","Michigan",24,1529,"LV",0.5920799,0.4705,0.499,"MI",0.483129085097135,0.497271099501323,15,"D",0.506,0.478,"R","R"
"269","Michigan",33,2092,"LV",0.5733614,0.5,0.45,"MI",0.483129085097135,0.497271099501323,15,"D",0.506,0.478,"R","R"
"270","Michigan",8,1731,"LV",0.5551063,0.47,0.47,"MI",0.483129085097135,0.497271099501323,15,"D",0.506,0.478,"R","R"
"271","Michigan",35,2336,"LV",0.5392174,0.51,0.46,"MI",0.483129085097135,0.497271099501323,15,"D",0.506,0.478,"R","R"
"272","Michigan",12,796,"RV",0.4543099,0.49,0.5,"MI",0.483129085097135,0.497271099501323,15,"D",0.506,0.478,"R","R"
"273","Michigan",18,1090,"LV",0.4208707,0.442,0.46,"MI",0.483129085097135,0.497271099501323,15,"D",0.506,0.478,"R","R"
"274","Michigan",7,585,"LV",0.4015601,0.495,0.48,"MI",0.483129085097135,0.497271099501323,15,"D",0.506,0.478,"R","R"
"275","Michigan",26,789,"LV",0.3862002,0.49,0.49,"MI",0.483129085097135,0.497271099501323,15,"D",0.506,0.478,"R","R"
"276","Michigan",8,0,"LV",0.3701504,0.47,0.48,"MI",0.483129085097135,0.497271099501323,15,"D",0.506,0.478,"R","R"
"277","Michigan",31,950,"LV",0.3637123,0.497,0.496,"MI",0.483129085097135,0.497271099501323,15,"D",0.506,0.478,"R","R"
"278","Michigan",36,687,"LV",0.3520489,0.49,0.47,"MI",0.483129085097135,0.497271099501323,15,"D",0.506,0.478,"R","R"
"279","Michigan",25,600,"LV",0.3494534,0.52,0.44,"MI",0.483129085097135,0.497271099501323,15,"D",0.506,0.478,"R","R"
"280","Michigan",20,705,"LV",0.3397319,0.495,0.46,"MI",0.483129085097135,0.497271099501323,15,"D",0.506,0.478,"R","R"
"281","Michigan",33,1007,"LV",0.3050807,0.47,0.505,"MI",0.483129085097135,0.497271099501323,15,"D",0.506,0.478,"R","R"
"282","Michigan",11,728,"LV",0.2997734,0.49,0.48,"MI",0.483129085097135,0.497271099501323,15,"D",0.506,0.478,"R","R"
"283","Michigan",27,1058,"LV",0.2872052,0.48,0.48,"MI",0.483129085097135,0.497271099501323,15,"D",0.506,0.478,"R","R"
"284","Michigan",30,1065,"LV",0.276668,0.49,0.47,"MI",0.483129085097135,0.497271099501323,15,"D",0.506,0.478,"R","R"
"285","Michigan",28,800,"LV",0.270295,0.46,0.48,"MI",0.483129085097135,0.497271099501323,15,"D",0.506,0.478,"R","R"
"286","Michigan",16,1115,"LV",0.2696752,0.47,0.47,"MI",0.483129085097135,0.497271099501323,15,"D",0.506,0.478,"R","R"
"287","Michigan",29,600,"LV",0.2439768,0.449,0.44,"MI",0.483129085097135,0.497271099501323,15,"D",0.506,0.478,"R","R"
"288","Michigan",34,600,"LV",0.2168755,0.47,0.475,"MI",0.483129085097135,0.497271099501323,15,"D",0.506,0.478,"R","R"
"289","Michigan",20,1008,"LV",0.2159276,0.47,0.47,"MI",0.483129085097135,0.497271099501323,15,"D",0.506,0.478,"R","R"
"290","Michigan",31,450,"LV",0.2105949,0.51,0.48,"MI",0.483129085097135,0.497271099501323,15,"D",0.506,0.478,"R","R"
"291","Michigan",30,800,"LV",0.207748,0.48,0.49,"MI",0.483129085097135,0.497271099501323,15,"D",0.506,0.478,"R","R"
"292","Michigan",22,589,"LV",0.1960031,0.472,0.4775,"MI",0.483129085097135,0.497271099501323,15,"D",0.506,0.478,"R","R"
"293","Michigan",35,600,"LV",0.1757626,0.468,0.442,"MI",0.483129085097135,0.497271099501323,15,"D",0.506,0.478,"R","R"
"294","Michigan",38,600,"RV",0.1599588,0.48,0.46,"MI",0.483129085097135,0.497271099501323,15,"D",0.506,0.478,"R","R"
"295","Michigan",24,682,"LV",0.1535934,0.47,0.47,"MI",0.483129085097135,0.497271099501323,15,"D",0.506,0.478,"R","R"
"296","Michigan",43,845,"LV",0.1493596,0.524,0.476,"MI",0.483129085097135,0.497271099501323,15,"D",0.506,0.478,"R","R"
"297","Michigan",38,1086,"LV",0.0941443,0.447,0.469,"MI",0.483129085097135,0.497271099501323,15,"D",0.506,0.478,"R","R"
"298","Michigan",39,839,"LV",0.0901793,0.48,0.46,"MI",0.483129085097135,0.497271099501323,15,"D",0.506,0.478,"R","R"
"299","Michigan",42,500,"LV",0.0776417,0.48,0.46,"MI",0.483129085097135,0.497271099501323,15,"D",0.506,0.478,"R","R"
"300","Michigan",36,709,"LV",0.0736567,0.475,0.48,"MI",0.483129085097135,0.497271099501323,15,"D",0.506,0.478,"R","R"
"301","Michigan",42,789,"LV",0.0489614,0.5,0.47,"MI",0.483129085097135,0.497271099501323,15,"D",0.506,0.478,"R","R"
"302","Michigan",43,404,"LV",0.0370924,0.465,0.485,"MI",0.483129085097135,0.497271099501323,15,"D",0.506,0.478,"R","R"
"303","Michigan",45,688,"LV",0.0232166,0.47,0.465,"MI",0.483129085097135,0.497271099501323,15,"D",0.506,0.478,"R","R"
"304","Michigan",90,600,"LV",0,0.455,0.465,"MI",0.483129085097135,0.497271099501323,15,"D",0.506,0.478,"R","R"
"305","Michigan",54,905,"LV",0,0.505,0.455,"MI",0.483129085097135,0.497271099501323,15,"D",0.506,0.478,"R","R"
"306","Michigan",102,406,"LV",0,0.475,0.45,"MI",0.483129085097135,0.497271099501323,15,"D",0.506,0.478,"R","R"
"307","Michigan",63,1114,"LV",0,0.4965,0.487,"MI",0.483129085097135,0.497271099501323,15,"D",0.506,0.478,"R","R"
"308","Michigan",78,400,"LV",0,0.45,0.455,"MI",0.483129085097135,0.497271099501323,15,"D",0.506,0.478,"R","R"
"309","Michigan",50,500,"LV",0,0.476,0.454,"MI",0.483129085097135,0.497271099501323,15,"D",0.506,0.478,"R","R"
"310","Michigan",82,0,"LV",0,0.47,0.47,"MI",0.483129085097135,0.497271099501323,15,"D",0.506,0.478,"R","R"
"311","Michigan",50,800,"LV",0,0.49,0.47,"MI",0.483129085097135,0.497271099501323,15,"D",0.506,0.478,"R","R"
"312","Michigan",117,568,"RV",0,0.46,0.48,"MI",0.483129085097135,0.497271099501323,15,"D",0.506,0.478,"R","R"
"313","Michigan",74,500,"LV",0,0.47,0.47,"MI",0.483129085097135,0.497271099501323,15,"D",0.506,0.478,"R","R"
"314","Michigan",47,800,"LV",0,0.5,0.465,"MI",0.483129085097135,0.497271099501323,15,"D",0.506,0.478,"R","R"
"315","Michigan",55,580,"LV",0,0.475,0.47,"MI",0.483129085097135,0.497271099501323,15,"D",0.506,0.478,"R","R"
"316","Michigan",55,800,"LV",0,0.48,0.486,"MI",0.483129085097135,0.497271099501323,15,"D",0.506,0.478,"R","R"
"317","Michigan",72,800,"LV",0,0.512,0.476,"MI",0.483129085097135,0.497271099501323,15,"D",0.506,0.478,"R","R"
"318","Michigan",60,556,"LV",0,0.48,0.45,"MI",0.483129085097135,0.497271099501323,15,"D",0.506,0.478,"R","R"
"319","Michigan",97,600,"LV",0,0.455,0.45,"MI",0.483129085097135,0.497271099501323,15,"D",0.506,0.478,"R","R"
"320","Michigan",91,800,"LV",0,0.49,0.47,"MI",0.483129085097135,0.497271099501323,15,"D",0.506,0.478,"R","R"
"321","Michigan",46,918,"LV",0,0.469,0.505,"MI",0.483129085097135,0.497271099501323,15,"D",0.506,0.478,"R","R"
"322","Michigan",72,761,"LV",0,0.47,0.44,"MI",0.483129085097135,0.497271099501323,15,"D",0.506,0.478,"R","R"
"323","Michigan",54,1138,"LV",0,0.52,0.47,"MI",0.483129085097135,0.497271099501323,15,"D",0.506,0.478,"R","R"
"324","Michigan",47,1086,"LV",0,0.48,0.48,"MI",0.483129085097135,0.497271099501323,15,"D",0.506,0.478,"R","R"
"325","Michigan",50,993,"LV",0,0.46,0.45,"MI",0.483129085097135,0.497271099501323,15,"D",0.506,0.478,"R","R"
"326","Michigan",106,800,"RV",0,0.4645,0.475,"MI",0.483129085097135,0.497271099501323,15,"D",0.506,0.478,"R","R"
"327","Michigan",89,500,"RV",0,0.47,0.415,"MI",0.483129085097135,0.497271099501323,15,"D",0.506,0.478,"R","R"
"328","Michigan",74,600,"LV",0,0.455,0.465,"MI",0.483129085097135,0.497271099501323,15,"D",0.506,0.478,"R","R"
"329","Michigan",69,600,"LV",0,0.47,0.46,"MI",0.483129085097135,0.497271099501323,15,"D",0.506,0.478,"R","R"
"330","Michigan",71,600,"LV",0,0.435,0.447,"MI",0.483129085097135,0.497271099501323,15,"D",0.506,0.478,"R","R"
"331","Michigan",85,530,"LV",0,0.44,0.45,"MI",0.483129085097135,0.497271099501323,15,"D",0.506,0.478,"R","R"
"332","Michigan",77,741,"LV",0,0.476,0.454,"MI",0.483129085097135,0.497271099501323,15,"D",0.506,0.478,"R","R"
"333","Michigan",91,702,"LV",0,0.5195,0.4535,"MI",0.483129085097135,0.497271099501323,15,"D",0.506,0.478,"R","R"
"334","Michigan",62,931,"LV",0,0.47,0.47,"MI",0.483129085097135,0.497271099501323,15,"D",0.506,0.478,"R","R"
"335","Michigan",115,532,"RV",0,0.46,0.46,"MI",0.483129085097135,0.497271099501323,15,"D",0.506,0.478,"R","R"
"336","Michigan",106,1012,"RV",0,0.46,0.47,"MI",0.483129085097135,0.497271099501323,15,"D",0.506,0.478,"R","R"
"337","Michigan",105,400,"LV",0,0.45,0.45,"MI",0.483129085097135,0.497271099501323,15,"D",0.506,0.478,"R","R"
"338","Michigan",55,650,"LV",0,0.48,0.43,"MI",0.483129085097135,0.497271099501323,15,"D",0.506,0.478,"R","R"
"339","Michigan",67,1368,"LV",0,0.4919,0.4612,"MI",0.483129085097135,0.497271099501323,15,"D",0.506,0.478,"R","R"
"340","Michigan",65,822,"RV",0,0.484,0.476,"MI",0.483129085097135,0.497271099501323,15,"D",0.506,0.478,"R","R"
"341","Michigan",106,600,"LV",0,0.416,0.413,"MI",0.483129085097135,0.497271099501323,15,"D",0.506,0.478,"R","R"
"342","Michigan",104,706,"RV",0,0.52,0.405,"MI",0.483129085097135,0.497271099501323,15,"D",0.506,0.478,"R","R"
"343","Michigan",63,1077,"LV",0,0.5,0.49,"MI",0.483129085097135,0.497271099501323,15,"D",0.506,0.478,"R","R"
"344","Michigan",84,1093,"LV",0,0.475,0.455,"MI",0.483129085097135,0.497271099501323,15,"D",0.506,0.478,"R","R"
"345","Michigan",74,708,"LV",0,0.48,0.43,"MI",0.483129085097135,0.497271099501323,15,"D",0.506,0.478,"R","R"
"346","Michigan",111,650,"RV",0,0.41,0.46,"MI",0.483129085097135,0.497271099501323,15,"D",0.506,0.478,"R","R"
"347","Michigan",74,930,"LV",0,0.49,0.44,"MI",0.483129085097135,0.497271099501323,15,"D",0.506,0.478,"R","R"
"348","Michigan",97,771,"LV",0,0.41,0.42,"MI",0.483129085097135,0.497271099501323,15,"D",0.506,0.478,"R","R"
"349","Michigan",106,512,"LV",0,0.41,0.44,"MI",0.483129085097135,0.497271099501323,15,"D",0.506,0.478,"R","R"
"350","Michigan",92,619,"LV",0,0.49,0.445,"MI",0.483129085097135,0.497271099501323,15,"D",0.506,0.478,"R","R"
"351","Michigan",57,1297,"LV",0,0.5197,0.4446,"MI",0.483129085097135,0.497271099501323,15,"D",0.506,0.478,"R","R"
"352","Michigan",47,416,"LV",0,0.5,0.47,"MI",0.483129085097135,0.497271099501323,15,"D",0.506,0.478,"R","R"
"353","Michigan",51,875,"LV",0,0.5,0.491,"MI",0.483129085097135,0.497271099501323,15,"D",0.506,0.478,"R","R"
"354","Michigan",74,651,"LV",0,0.49,0.47,"MI",0.483129085097135,0.497271099501323,15,"D",0.506,0.478,"R","R"
"355","Michigan",69,1089,"LV",0,0.466,0.47,"MI",0.483129085097135,0.497271099501323,15,"D",0.506,0.478,"R","R"
"356","Michigan",47,400,"LV",0,0.51,0.45,"MI",0.483129085097135,0.497271099501323,15,"D",0.506,0.478,"R","R"
"357","Minnesota",4,2065,"LV",1.855367,0.4905,0.47,"MN",0.509225488026749,0.466831391060628,10,"D",0.524,0.453,"D","D"
"358","Minnesota",12,728,"LV",1.023433,0.51,0.43,"MN",0.509225488026749,0.466831391060628,10,"D",0.524,0.453,"D","D"
"359","Minnesota",3,450,"LV",0.8516576,0.51,0.44,"MN",0.509225488026749,0.466831391060628,10,"D",0.524,0.453,"D","D"
"360","Minnesota",8,534,"LV",0.7437444,0.483,0.429,"MN",0.509225488026749,0.466831391060628,10,"D",0.524,0.453,"D","D"
"361","Minnesota",12,959,"LV",0.6517532,0.5,0.47,"MN",0.509225488026749,0.466831391060628,10,"D",0.524,0.453,"D","D"
"362","Minnesota",20,1734,"LV",0.622733,0.477,0.451,"MN",0.509225488026749,0.466831391060628,10,"D",0.524,0.453,"D","D"
"363","Minnesota",35,1275,"LV",0.4692117,0.53,0.43,"MN",0.509225488026749,0.466831391060628,10,"D",0.524,0.453,"D","D"
"364","Minnesota",24,544,"LV",0.2768797,0.51,0.43,"MN",0.509225488026749,0.466831391060628,10,"D",0.524,0.453,"D","D"
"365","Minnesota",39,551,"LV",0.0586056,0.51,0.43,"MN",0.509225488026749,0.466831391060628,10,"D",0.524,0.453,"D","D"
"366","Minnesota",43,646,"LV",0,0.5,0.44,"MN",0.509225488026749,0.466831391060628,10,"D",0.524,0.453,"D","D"
"367","Minnesota",85,475,"LV",0,0.47,0.4,"MN",0.509225488026749,0.466831391060628,10,"D",0.524,0.453,"D","D"
"368","Minnesota",60,617,"LV",0,0.51,0.44,"MN",0.509225488026749,0.466831391060628,10,"D",0.524,0.453,"D","D"
"369","Minnesota",50,703,"LV",0,0.5,0.44,"MN",0.509225488026749,0.466831391060628,10,"D",0.524,0.453,"D","D"
"370","Minnesota",70,635,"LV",0,0.48,0.43,"MN",0.509225488026749,0.466831391060628,10,"D",0.524,0.453,"D","D"
"371","Minnesota",62,1616,"LV",0,0.488,0.446,"MN",0.509225488026749,0.466831391060628,10,"D",0.524,0.453,"D","D"
"372","Minnesota",97,538,"LV",0,0.46,0.41,"MN",0.509225488026749,0.466831391060628,10,"D",0.524,0.453,"D","D"
"373","Minnesota",67,501,"LV",0,0.5092,0.4428,"MN",0.509225488026749,0.466831391060628,10,"D",0.524,0.453,"D","D"
"374","Minnesota",106,1071,"RV",0,0.495,0.435,"MN",0.509225488026749,0.466831391060628,10,"D",0.524,0.453,"D","D"
"375","Minnesota",50,800,"LV",0,0.48,0.43,"MN",0.509225488026749,0.466831391060628,10,"D",0.524,0.453,"D","D"
"376","Minnesota",105,656,"LV",0,0.5,0.4,"MN",0.509225488026749,0.466831391060628,10,"D",0.524,0.453,"D","D"
"377","Minnesota",47,993,"LV",0,0.49,0.46,"MN",0.509225488026749,0.466831391060628,10,"D",0.524,0.453,"D","D"
"378","Minnesota",106,475,"LV",0,0.44,0.41,"MN",0.509225488026749,0.466831391060628,10,"D",0.524,0.453,"D","D"
"379","Minnesota",72,426,"LV",0,0.51,0.42,"MN",0.509225488026749,0.466831391060628,10,"D",0.524,0.453,"D","D"
"380","Minnesota",57,517,"LV",0,0.4956,0.43,"MN",0.509225488026749,0.466831391060628,10,"D",0.524,0.453,"D","D"
"381","Nevada",12,1010,"LV",1.341592,0.485,0.46,"NV",0.47493130572991,0.505916462379785,6,"D",0.501,0.477,"D","R"
"382","Nevada",6,840,"LV",1.041852,0.489,0.49,"NV",0.47493130572991,0.505916462379785,6,"D",0.501,0.477,"D","R"
"383","Nevada",2,707,"LV",0.9555414,0.4715,0.502,"NV",0.47493130572991,0.505916462379785,6,"D",0.501,0.477,"D","R"
"384","Nevada",4,782,"LV",0.9107906,0.4595,0.5145,"NV",0.47493130572991,0.505916462379785,6,"D",0.501,0.477,"D","R"
"385","Nevada",7,700,"LV",0.9096597,0.486,0.483,"NV",0.47493130572991,0.505916462379785,6,"D",0.501,0.477,"D","R"
"386","Nevada",11,773,"LV",0.8970109,0.49,0.48,"NV",0.47493130572991,0.505916462379785,6,"D",0.501,0.477,"D","R"
"387","Nevada",6,845,"LV",0.8703539,0.4695,0.5055,"NV",0.47493130572991,0.505916462379785,6,"D",0.501,0.477,"D","R"
"388","Nevada",11,721,"LV",0.8453314,0.49,0.47,"NV",0.47493130572991,0.505916462379785,6,"D",0.501,0.477,"D","R"
"389","Nevada",11,1083,"LV",0.8427612,0.4755,0.4845,"NV",0.47493130572991,0.505916462379785,6,"D",0.501,0.477,"D","R"
"390","Nevada",8,593,"LV",0.806987,0.49,0.48,"NV",0.47493130572991,0.505916462379785,6,"D",0.501,0.477,"D","R"
"391","Nevada",8,400,"LV",0.8039681,0.442,0.502,"NV",0.47493130572991,0.505916462379785,6,"D",0.501,0.477,"D","R"
"392","Nevada",4,792,"RV",0.7865115,0.494,0.495,"NV",0.47493130572991,0.505916462379785,6,"D",0.501,0.477,"D","R"
"393","Nevada",11,1082,"LV",0.6643261,0.478,0.476,"NV",0.47493130572991,0.505916462379785,6,"D",0.501,0.477,"D","R"
"394","Nevada",11,767,"LV",0.6326735,0.47,0.49,"NV",0.47493130572991,0.505916462379785,6,"D",0.501,0.477,"D","R"
"395","Nevada",17,800,"LV",0.5954146,0.477,0.479,"NV",0.47493130572991,0.505916462379785,6,"D",0.501,0.477,"D","R"
"396","Nevada",15,683,"LV",0.5939801,0.47,0.48,"NV",0.47493130572991,0.505916462379785,6,"D",0.501,0.477,"D","R"
"397","Nevada",24,1171,"LV",0.5518956,0.4825,0.4835,"NV",0.47493130572991,0.505916462379785,6,"D",0.501,0.477,"D","R"
"398","Nevada",33,1324,"LV",0.5244753,0.48,0.47,"NV",0.47493130572991,0.505916462379785,6,"D",0.501,0.477,"D","R"
"399","Nevada",8,690,"LV",0.4575264,0.47,0.48,"NV",0.47493130572991,0.505916462379785,6,"D",0.501,0.477,"D","R"
"400","Nevada",17,600,"LV",0.4254173,0.47,0.5,"NV",0.47493130572991,0.505916462379785,6,"D",0.501,0.477,"D","R"
"401","Nevada",35,933,"LV",0.4165831,0.51,0.47,"NV",0.47493130572991,0.505916462379785,6,"D",0.501,0.477,"D","R"
"402","Nevada",20,420,"LV",0.3643467,0.485,0.48,"NV",0.47493130572991,0.505916462379785,6,"D",0.501,0.477,"D","R"
"403","Nevada",31,900,"LV",0.3564776,0.492,0.481,"NV",0.47493130572991,0.505916462379785,6,"D",0.501,0.477,"D","R"
"404","Nevada",36,652,"LV",0.3493359,0.48,0.48,"NV",0.47493130572991,0.505916462379785,6,"D",0.501,0.477,"D","R"
"405","Nevada",28,600,"LV",0.318084,0.465,0.48,"NV",0.47493130572991,0.505916462379785,6,"D",0.501,0.477,"D","R"
"406","Nevada",11,531,"LV",0.3110226,0.47,0.47,"NV",0.47493130572991,0.505916462379785,6,"D",0.501,0.477,"D","R"
"407","Nevada",26,1088,"LV",0.2958662,0.456,0.448,"NV",0.47493130572991,0.505916462379785,6,"D",0.501,0.477,"D","R"
"408","Nevada",27,748,"LV",0.2669093,0.47,0.49,"NV",0.47493130572991,0.505916462379785,6,"D",0.501,0.477,"D","R"
"409","Nevada",30,496,"LV",0.2549461,0.49,0.45,"NV",0.47493130572991,0.505916462379785,6,"D",0.501,0.477,"D","R"
"410","Nevada",16,540,"LV",0.2358311,0.46,0.47,"NV",0.47493130572991,0.505916462379785,6,"D",0.501,0.477,"D","R"
"411","Nevada",30,800,"LV",0.207748,0.47,0.5,"NV",0.47493130572991,0.505916462379785,6,"D",0.501,0.477,"D","R"
"412","Nevada",20,529,"LV",0.191278,0.46,0.47,"NV",0.47493130572991,0.505916462379785,6,"D",0.501,0.477,"D","R"
"413","Nevada",24,838,"LV",0.1872814,0.47,0.47,"NV",0.47493130572991,0.505916462379785,6,"D",0.501,0.477,"D","R"
"414","Nevada",36,782,"LV",0.1656765,0.49,0.49,"NV",0.47493130572991,0.505916462379785,6,"D",0.501,0.477,"D","R"
"415","Nevada",38,600,"RV",0.1599588,0.425,0.48,"NV",0.47493130572991,0.505916462379785,6,"D",0.501,0.477,"D","R"
"416","Nevada",37,800,"LV",0.1183478,0.484,0.493,"NV",0.47493130572991,0.505916462379785,6,"D",0.501,0.477,"D","R"
"417","Nevada",39,514,"LV",0.080243,0.48,0.47,"NV",0.47493130572991,0.505916462379785,6,"D",0.501,0.477,"D","R"
"418","Nevada",42,500,"LV",0.0776417,0.45,0.47,"NV",0.47493130572991,0.505916462379785,6,"D",0.501,0.477,"D","R"
"419","Nevada",43,407,"LV",0.0371802,0.475,0.47,"NV",0.47493130572991,0.505916462379785,6,"D",0.501,0.477,"D","R"
"420","Nevada",43,736,"LV",0.0206594,0.4945,0.482,"NV",0.47493130572991,0.505916462379785,6,"D",0.501,0.477,"D","R"
"421","Nevada",90,350,"RV",0,0.48,0.42,"NV",0.47493130572991,0.505916462379785,6,"D",0.501,0.477,"D","R"
"422","Nevada",72,490,"LV",0,0.47,0.47,"NV",0.47493130572991,0.505916462379785,6,"D",0.501,0.477,"D","R"
"423","Nevada",91,1087,"LV",0,0.448,0.482,"NV",0.47493130572991,0.505916462379785,6,"D",0.501,0.477,"D","R"
"424","Nevada",68,800,"LV",0,0.465,0.479,"NV",0.47493130572991,0.505916462379785,6,"D",0.501,0.477,"D","R"
"425","Nevada",60,698,"LV",0,0.45,0.46,"NV",0.47493130572991,0.505916462379785,6,"D",0.501,0.477,"D","R"
"426","Nevada",47,409,"LV",0,0.48,0.47,"NV",0.47493130572991,0.505916462379785,6,"D",0.501,0.477,"D","R"
"427","Nevada",55,1079,"LV",0,0.453,0.435,"NV",0.47493130572991,0.505916462379785,6,"D",0.501,0.477,"D","R"
"428","Nevada",85,677,"LV",0,0.455,0.47,"NV",0.47493130572991,0.505916462379785,6,"D",0.501,0.477,"D","R"
"429","Nevada",51,895,"LV",0,0.488,0.49,"NV",0.47493130572991,0.505916462379785,6,"D",0.501,0.477,"D","R"
"430","Nevada",65,788,"RV",0,0.468,0.47,"NV",0.47493130572991,0.505916462379785,6,"D",0.501,0.477,"D","R"
"431","Nevada",97,470,"LV",0,0.4,0.4,"NV",0.47493130572991,0.505916462379785,6,"D",0.501,0.477,"D","R"
"432","Nevada",67,516,"LV",0,0.4758,0.4845,"NV",0.47493130572991,0.505916462379785,6,"D",0.501,0.477,"D","R"
"433","Nevada",47,516,"LV",0,0.51,0.445,"NV",0.47493130572991,0.505916462379785,6,"D",0.501,0.477,"D","R"
"434","Nevada",57,692,"LV",0,0.475,0.47,"NV",0.47493130572991,0.505916462379785,6,"D",0.501,0.477,"D","R"
"435","Nevada",57,474,"LV",0,0.5087,0.4653,"NV",0.47493130572991,0.505916462379785,6,"D",0.501,0.477,"D","R"
"436","Nevada",85,536,"LV",0,0.42,0.43,"NV",0.47493130572991,0.505916462379785,6,"D",0.501,0.477,"D","R"
"437","Nevada",74,760,"LV",0,0.49,0.47,"NV",0.47493130572991,0.505916462379785,6,"D",0.501,0.477,"D","R"
"438","Nevada",47,738,"LV",0,0.48,0.49,"NV",0.47493130572991,0.505916462379785,6,"D",0.501,0.477,"D","R"
"439","Nevada",94,991,"LV",0,0.492,0.436,"NV",0.47493130572991,0.505916462379785,6,"D",0.501,0.477,"D","R"
"440","Nevada",106,435,"LV",0,0.43,0.45,"NV",0.47493130572991,0.505916462379785,6,"D",0.501,0.477,"D","R"
"441","Nevada",102,403,"LV",0,0.435,0.475,"NV",0.47493130572991,0.505916462379785,6,"D",0.501,0.477,"D","R"
"442","Nevada",63,1038,"LV",0,0.504,0.4825,"NV",0.47493130572991,0.505916462379785,6,"D",0.501,0.477,"D","R"
"443","Nevada",74,626,"LV",0,0.48,0.47,"NV",0.47493130572991,0.505916462379785,6,"D",0.501,0.477,"D","R"
"444","Nevada",91,678,"LV",0,0.5075,0.4435,"NV",0.47493130572991,0.505916462379785,6,"D",0.501,0.477,"D","R"
"445","Nevada",50,600,"LV",0,0.47,0.44,"NV",0.47493130572991,0.505916462379785,6,"D",0.501,0.477,"D","R"
"446","Nevada",50,800,"LV",0,0.48,0.49,"NV",0.47493130572991,0.505916462379785,6,"D",0.501,0.477,"D","R"
"447","Nevada",113,800,"LV",0,0.4,0.5,"NV",0.47493130572991,0.505916462379785,6,"D",0.501,0.477,"D","R"
"448","Nevada",104,454,"RV",0,0.45,0.44,"NV",0.47493130572991,0.505916462379785,6,"D",0.501,0.477,"D","R"
"449","Nevada",105,400,"LV",0,0.45,0.46,"NV",0.47493130572991,0.505916462379785,6,"D",0.501,0.477,"D","R"
"450","Nevada",72,1168,"LV",0,0.494,0.488,"NV",0.47493130572991,0.505916462379785,6,"D",0.501,0.477,"D","R"
"451","Nevada",74,1026,"RV",0,0.49,0.47,"NV",0.47493130572991,0.505916462379785,6,"D",0.501,0.477,"D","R"
"452","Nevada",84,980,"LV",0,0.45,0.47,"NV",0.47493130572991,0.505916462379785,6,"D",0.501,0.477,"D","R"
"453","Nevada",50,652,"LV",0,0.45,0.45,"NV",0.47493130572991,0.505916462379785,6,"D",0.501,0.477,"D","R"
"454","Nevada",46,858,"LV",0,0.5055,0.477,"NV",0.47493130572991,0.505916462379785,6,"D",0.501,0.477,"D","R"
"455","Nevada",74,416,"LV",0,0.49,0.46,"NV",0.47493130572991,0.505916462379785,6,"D",0.501,0.477,"D","R"
"456","New Hampshire",8,2791,"LV",1.325673,0.51,0.46,"NH",0.50652804086153,0.478732275887945,4,"D",0.527,0.454,"D","D"
"457","New Hampshire",7,2814,"LV",1.091442,0.51,0.46,"NH",0.50652804086153,0.478732275887945,4,"D",0.527,0.454,"D","D"
"458","New Hampshire",15,915,"LV",0.8925924,0.509,0.472,"NH",0.50652804086153,0.478732275887945,4,"D",0.527,0.454,"D","D"
"459","New Hampshire",4,587,"LV",0.8242011,0.619,0.335,"NH",0.50652804086153,0.478732275887945,4,"D",0.527,0.454,"D","D"
"460","New Hampshire",12,901,"LV",0.6884198,0.48,0.47,"NH",0.50652804086153,0.478732275887945,4,"D",0.527,0.454,"D","D"
"461","New Hampshire",12,622,"RV",0.6606957,0.498,0.502,"NH",0.50652804086153,0.478732275887945,4,"D",0.527,0.454,"D","D"
"462","New Hampshire",26,600,"LV",0.5512163,0.5,0.43,"NH",0.50652804086153,0.478732275887945,4,"D",0.527,0.454,"D","D"
"463","New Hampshire",31,2211,"RV",0.3284939,0.585,0.377,"NH",0.50652804086153,0.478732275887945,4,"D",0.527,0.454,"D","D"
"464","New Hampshire",35,375,"LV",0.3201645,0.52,0.45,"NH",0.50652804086153,0.478732275887945,4,"D",0.527,0.454,"D","D"
"465","New Hampshire",34,600,"LV",0.256079,0.5,0.41,"NH",0.50652804086153,0.478732275887945,4,"D",0.527,0.454,"D","D"
"466","New Hampshire",35,2104,"LV",0.1665454,0.51,0.44,"NH",0.50652804086153,0.478732275887945,4,"D",0.527,0.454,"D","D"
"467","New Hampshire",105,2875,"LV",0,0.51,0.445,"NH",0.50652804086153,0.478732275887945,4,"D",0.527,0.454,"D","D"
"468","New Hampshire",102,1000,"RV",0,0.5005,0.445,"NH",0.50652804086153,0.478732275887945,4,"D",0.527,0.454,"D","D"
"469","New Hampshire",82,2048,"LV",0,0.51,0.45,"NH",0.50652804086153,0.478732275887945,4,"D",0.527,0.454,"D","D"
"470","New Hampshire",54,1695,"LV",0,0.54,0.43,"NH",0.50652804086153,0.478732275887945,4,"D",0.527,0.454,"D","D"
"471","New Hampshire",109,601,"RV",0,0.393,0.402,"NH",0.50652804086153,0.478732275887945,4,"D",0.527,0.454,"D","D"
"472","New Hampshire",55,2241,"LV",0,0.51,0.43,"NH",0.50652804086153,0.478732275887945,4,"D",0.527,0.454,"D","D"
"473","New Hampshire",84,1656,"RV",0,0.51,0.44,"NH",0.50652804086153,0.478732275887945,4,"D",0.527,0.454,"D","D"
"474","New Hampshire",104,2083,"RV",0,0.5,0.44,"NH",0.50652804086153,0.478732275887945,4,"D",0.527,0.454,"D","D"
"475","North Carolina",8,1010,"LV",1.430099,0.48,0.455,"NC",0.476453381307815,0.508571905836336,16,"R",0.486,0.499,"R","R"
"476","North Carolina",6,860,"LV",1.124239,0.493,0.497,"NC",0.476453381307815,0.508571905836336,16,"R",0.486,0.499,"R","R"
"477","North Carolina",2,1219,"LV",1.099746,0.4775,0.499,"NC",0.476453381307815,0.508571905836336,16,"R",0.486,0.499,"R","R"
"478","North Carolina",12,872,"LV",1.040865,0.48,0.495,"NC",0.476453381307815,0.508571905836336,16,"R",0.486,0.499,"R","R"
"479","North Carolina",4,1310,"LV",1.03309,0.4695,0.5045,"NC",0.476453381307815,0.508571905836336,16,"R",0.486,0.499,"R","R"
"480","North Carolina",6,1373,"LV",0.9743606,0.4685,0.507,"NC",0.476453381307815,0.508571905836336,16,"R",0.486,0.499,"R","R"
"481","North Carolina",13,853,"LV",0.9447862,0.47,0.47,"NC",0.476453381307815,0.508571905836336,16,"R",0.486,0.499,"R","R"
"482","North Carolina",12,1250,"LV",0.9388173,0.483,0.503,"NC",0.476453381307815,0.508571905836336,16,"R",0.486,0.499,"R","R"
"483","North Carolina",11,949,"LV",0.9354374,0.485,0.495,"NC",0.476453381307815,0.508571905836336,16,"R",0.486,0.499,"R","R"
"484","North Carolina",11,1665,"LV",0.9249296,0.487,0.484,"NC",0.476453381307815,0.508571905836336,16,"R",0.486,0.499,"R","R"
"485","North Carolina",19,1226,"LV",0.9062511,0.48,0.5,"NC",0.476453381307815,0.508571905836336,16,"R",0.486,0.499,"R","R"
"486","North Carolina",4,800,"LV",0.8712187,0.472,0.494,"NC",0.476453381307815,0.508571905836336,16,"R",0.486,0.499,"R","R"
"487","North Carolina",4,799,"RV",0.788059,0.489,0.505,"NC",0.476453381307815,0.508571905836336,16,"R",0.486,0.499,"R","R"
"488","North Carolina",19,1164,"RV",0.7776512,0.47,0.46,"NC",0.476453381307815,0.508571905836336,16,"R",0.486,0.499,"R","R"
"489","North Carolina",15,950,"LV",0.7547005,0.482,0.502,"NC",0.476453381307815,0.508571905836336,16,"R",0.486,0.499,"R","R"
"490","North Carolina",13,1056,"LV",0.7184166,0.474,0.492,"NC",0.476453381307815,0.508571905836336,16,"R",0.486,0.499,"R","R"
"491","North Carolina",20,650,"LV",0.7024302,0.45,0.47,"NC",0.476453381307815,0.508571905836336,16,"R",0.486,0.499,"R","R"
"492","North Carolina",11,1091,"LV",0.6656498,0.462,0.494,"NC",0.476453381307815,0.508571905836336,16,"R",0.486,0.499,"R","R"
"493","North Carolina",13,750,"LV",0.6547163,0.48,0.47,"NC",0.476453381307815,0.508571905836336,16,"R",0.486,0.499,"R","R"
"494","North Carolina",11,751,"LV",0.6230296,0.47,0.5,"NC",0.476453381307815,0.508571905836336,16,"R",0.486,0.499,"R","R"
"495","North Carolina",24,1674,"LV",0.5987775,0.5,0.488,"NC",0.476453381307815,0.508571905836336,16,"R",0.486,0.499,"R","R"
"496","North Carolina",33,1987,"LV",0.5678753,0.48,0.48,"NC",0.476453381307815,0.508571905836336,16,"R",0.486,0.499,"R","R"
"497","North Carolina",35,2308,"LV",0.5373209,0.48,0.5,"NC",0.476453381307815,0.508571905836336,16,"R",0.486,0.499,"R","R"
"498","North Carolina",8,1123,"LV",0.503545,0.47,0.48,"NC",0.476453381307815,0.508571905836336,16,"R",0.486,0.499,"R","R"
"499","North Carolina",17,800,"LV",0.4950587,0.468,0.487,"NC",0.476453381307815,0.508571905836336,16,"R",0.486,0.499,"R","R"
"500","North Carolina",24,600,"LV",0.4771444,0.466,0.472,"NC",0.476453381307815,0.508571905836336,16,"R",0.486,0.499,"R","R"
"501","North Carolina",26,1031,"LV",0.4724694,0.495,0.47,"NC",0.476453381307815,0.508571905836336,16,"R",0.486,0.499,"R","R"
"502","North Carolina",26,800,"RV",0.465466,0.46,0.46,"NC",0.476453381307815,0.508571905836336,16,"R",0.486,0.499,"R","R"
"503","North Carolina",36,965,"LV",0.3825102,0.47,0.5,"NC",0.476453381307815,0.508571905836336,16,"R",0.486,0.499,"R","R"
"504","North Carolina",20,702,"LV",0.343059,0.48,0.495,"NC",0.476453381307815,0.508571905836336,16,"R",0.486,0.499,"R","R"
"505","North Carolina",31,1000,"LV",0.3359324,0.49,0.499,"NC",0.476453381307815,0.508571905836336,16,"R",0.486,0.499,"R","R"
"506","North Carolina",11,770,"LV",0.3294622,0.46,0.48,"NC",0.476453381307815,0.508571905836336,16,"R",0.486,0.499,"R","R"
"507","North Carolina",26,1085,"LV",0.2955314,0.446,0.465,"NC",0.476453381307815,0.508571905836336,16,"R",0.486,0.499,"R","R"
"508","North Carolina",27,1042,"LV",0.2890992,0.46,0.51,"NC",0.476453381307815,0.508571905836336,16,"R",0.486,0.499,"R","R"
"509","North Carolina",30,1072,"LV",0.2780814,0.48,0.49,"NC",0.476453381307815,0.508571905836336,16,"R",0.486,0.499,"R","R"
"510","North Carolina",16,679,"LV",0.2390281,0.47,0.48,"NC",0.476453381307815,0.508571905836336,16,"R",0.486,0.499,"R","R"
"511","North Carolina",20,843,"LV",0.21561,0.45,0.48,"NC",0.476453381307815,0.508571905836336,16,"R",0.486,0.499,"R","R"
"512","North Carolina",30,800,"LV",0.207748,0.47,0.48,"NC",0.476453381307815,0.508571905836336,16,"R",0.486,0.499,"R","R"
"513","North Carolina",38,600,"RV",0.1599588,0.46,0.465,"NC",0.476453381307815,0.508571905836336,16,"R",0.486,0.499,"R","R"
"514","North Carolina",24,620,"LV",0.1573963,0.46,0.48,"NC",0.476453381307815,0.508571905836336,16,"R",0.486,0.499,"R","R"
"515","North Carolina",37,800,"LV",0.1183478,0.493,0.495,"NC",0.476453381307815,0.508571905836336,16,"R",0.486,0.499,"R","R"
"516","North Carolina",41,1001,"LV",0.0969487,0.48,0.5,"NC",0.476453381307815,0.508571905836336,16,"R",0.486,0.499,"R","R"
"517","North Carolina",39,850,"LV",0.0932116,0.491,0.499,"NC",0.476453381307815,0.508571905836336,16,"R",0.486,0.499,"R","R"
"518","North Carolina",39,753,"LV",0.0887013,0.45,0.47,"NC",0.476453381307815,0.508571905836336,16,"R",0.486,0.499,"R","R"
"519","North Carolina",41,953,"LV",0.0837574,0.475,0.49,"NC",0.476453381307815,0.508571905836336,16,"R",0.486,0.499,"R","R"
"520","North Carolina",41,780,"LV",0.0496707,0.47,0.51,"NC",0.476453381307815,0.508571905836336,16,"R",0.486,0.499,"R","R"
"521","North Carolina",43,1005,"LV",0.0379318,0.471,0.494,"NC",0.476453381307815,0.508571905836336,16,"R",0.486,0.499,"R","R"
"522","North Carolina",43,401,"LV",0.0370036,0.47,0.475,"NC",0.476453381307815,0.508571905836336,16,"R",0.486,0.499,"R","R"
"523","North Carolina",46,589,"LV",0.0304008,0.48,0.48,"NC",0.476453381307815,0.508571905836336,16,"R",0.486,0.499,"R","R"
"524","North Carolina",91,702,"LV",0,0.484,0.479,"NC",0.476453381307815,0.508571905836336,16,"R",0.486,0.499,"R","R"
"525","North Carolina",104,706,"RV",0,0.45,0.465,"NC",0.476453381307815,0.508571905836336,16,"R",0.486,0.499,"R","R"
"526","North Carolina",61,619,"LV",0,0.47,0.48,"NC",0.476453381307815,0.508571905836336,16,"R",0.486,0.499,"R","R"
"527","North Carolina",78,941,"LV",0,0.47,0.47,"NC",0.476453381307815,0.508571905836336,16,"R",0.486,0.499,"R","R"
"528","North Carolina",72,775,"LV",0,0.49,0.499,"NC",0.476453381307815,0.508571905836336,16,"R",0.486,0.499,"R","R"
"529","North Carolina",46,787,"LV",0,0.48,0.495,"NC",0.476453381307815,0.508571905836336,16,"R",0.486,0.499,"R","R"
"530","North Carolina",50,868,"LV",0,0.47,0.48,"NC",0.476453381307815,0.508571905836336,16,"R",0.486,0.499,"R","R"
"531","North Carolina",51,600,"LV",0,0.453,0.456,"NC",0.476453381307815,0.508571905836336,16,"R",0.486,0.499,"R","R"
"532","North Carolina",62,676,"LV",0,0.49,0.46,"NC",0.476453381307815,0.508571905836336,16,"R",0.486,0.499,"R","R"
"533","North Carolina",55,973,"LV",0,0.459,0.489,"NC",0.476453381307815,0.508571905836336,16,"R",0.486,0.499,"R","R"
"534","North Carolina",47,1348,"LV",0,0.49,0.49,"NC",0.476453381307815,0.508571905836336,16,"R",0.486,0.499,"R","R"
"535","North Carolina",65,804,"RV",0,0.475,0.5,"NC",0.476453381307815,0.508571905836336,16,"R",0.486,0.499,"R","R"
"536","North Carolina",83,600,"LV",0,0.4685,0.4625,"NC",0.476453381307815,0.508571905836336,16,"R",0.486,0.499,"R","R"
"537","North Carolina",51,1000,"LV",0,0.497,0.493,"NC",0.476453381307815,0.508571905836336,16,"R",0.486,0.499,"R","R"
"538","North Carolina",46,931,"LV",0,0.48,0.48,"NC",0.476453381307815,0.508571905836336,16,"R",0.486,0.499,"R","R"
"539","North Carolina",67,1369,"LV",0,0.4822,0.4782,"NC",0.476453381307815,0.508571905836336,16,"R",0.486,0.499,"R","R"
"540","North Carolina",97,714,"LV",0,0.41,0.44,"NC",0.476453381307815,0.508571905836336,16,"R",0.486,0.499,"R","R"
"541","North Carolina",68,800,"LV",0,0.484,0.492,"NC",0.476453381307815,0.508571905836336,16,"R",0.486,0.499,"R","R"
"542","North Carolina",109,573,"RV",0,0.44,0.48,"NC",0.476453381307815,0.508571905836336,16,"R",0.486,0.499,"R","R"
"543","North Carolina",74,645,"LV",0,0.485,0.485,"NC",0.476453381307815,0.508571905836336,16,"R",0.486,0.499,"R","R"
"544","North Carolina",47,1078,"LV",0,0.46,0.49,"NC",0.476453381307815,0.508571905836336,16,"R",0.486,0.499,"R","R"
"545","North Carolina",97,600,"LV",0,0.46,0.47,"NC",0.476453381307815,0.508571905836336,16,"R",0.486,0.499,"R","R"
"546","North Carolina",55,600,"LV",0,0.465,0.49,"NC",0.476453381307815,0.508571905836336,16,"R",0.486,0.499,"R","R"
"547","North Carolina",50,600,"LV",0,0.449,0.485,"NC",0.476453381307815,0.508571905836336,16,"R",0.486,0.499,"R","R"
"548","North Carolina",46,600,"RV",0,0.49,0.48,"NC",0.476453381307815,0.508571905836336,16,"R",0.486,0.499,"R","R"
"549","North Carolina",62,940,"LV",0,0.495,0.465,"NC",0.476453381307815,0.508571905836336,16,"R",0.486,0.499,"R","R"
"550","North Carolina",93,600,"LV",0,0.441,0.472,"NC",0.476453381307815,0.508571905836336,16,"R",0.486,0.499,"R","R"
"551","North Carolina",74,999,"RV",0,0.48,0.49,"NC",0.476453381307815,0.508571905836336,16,"R",0.486,0.499,"R","R"
"552","North Carolina",63,1094,"LV",0,0.4645,0.5215,"NC",0.476453381307815,0.508571905836336,16,"R",0.486,0.499,"R","R"
"553","North Carolina",91,1082,"LV",0,0.452,0.489,"NC",0.476453381307815,0.508571905836336,16,"R",0.486,0.499,"R","R"
"554","North Carolina",71,920,"LV",0,0.469,0.476,"NC",0.476453381307815,0.508571905836336,16,"R",0.486,0.499,"R","R"
"555","North Carolina",47,828,"LV",0,0.495,0.475,"NC",0.476453381307815,0.508571905836336,16,"R",0.486,0.499,"R","R"
"556","North Carolina",57,1314,"LV",0,0.4933,0.4716,"NC",0.476453381307815,0.508571905836336,16,"R",0.486,0.499,"R","R"
"557","North Carolina",48,802,"LV",0,0.48,0.48,"NC",0.476453381307815,0.508571905836336,16,"R",0.486,0.499,"R","R"
"558","North Carolina",85,601,"LV",0,0.44,0.47,"NC",0.476453381307815,0.508571905836336,16,"R",0.486,0.499,"R","R"
"559","North Carolina",60,495,"LV",0,0.45,0.44,"NC",0.476453381307815,0.508571905836336,16,"R",0.486,0.499,"R","R"
"560","North Carolina",47,411,"LV",0,0.49,0.475,"NC",0.476453381307815,0.508571905836336,16,"R",0.486,0.499,"R","R"
"561","North Carolina",72,812,"LV",0,0.44,0.45,"NC",0.476453381307815,0.508571905836336,16,"R",0.486,0.499,"R","R"
"562","North Carolina",92,802,"RV",0,0.46,0.46,"NC",0.476453381307815,0.508571905836336,16,"R",0.486,0.499,"R","R"
"563","North Carolina",62,800,"RV",0,0.46,0.45,"NC",0.476453381307815,0.508571905836336,16,"R",0.486,0.499,"R","R"
"564","North Carolina",88,655,"LV",0,0.475,0.455,"NC",0.476453381307815,0.508571905836336,16,"R",0.486,0.499,"R","R"
"565","North Carolina",46,1173,"LV",0,0.5065,0.477,"NC",0.476453381307815,0.508571905836336,16,"R",0.486,0.499,"R","R"
"566","North Carolina",49,682,"LV",0,0.46,0.48,"NC",0.476453381307815,0.508571905836336,16,"R",0.486,0.499,"R","R"
"567","North Carolina",106,586,"LV",0,0.43,0.46,"NC",0.476453381307815,0.508571905836336,16,"R",0.486,0.499,"R","R"
"568","North Carolina",74,940,"LV",0,0.47,0.48,"NC",0.476453381307815,0.508571905836336,16,"R",0.486,0.499,"R","R"
"569","North Carolina",102,403,"LV",0,0.47,0.455,"NC",0.476453381307815,0.508571905836336,16,"R",0.486,0.499,"R","R"
"570","North Carolina",55,1094,"LV",0,0.46,0.484,"NC",0.476453381307815,0.508571905836336,16,"R",0.486,0.499,"R","R"
"571","Pennsylvania",7,1527,"LV",1.665088,0.475,0.475,"PA",0.486628057239154,0.503725367155867,19,"D",0.5,0.488,"R","R"
"572","Pennsylvania",9,1400,"LV",1.346193,0.5,0.48,"PA",0.486628057239154,0.503725367155867,19,"D",0.5,0.488,"R","R"
"573","Pennsylvania",10,1204,"LV",1.314728,0.48,0.47,"PA",0.486628057239154,0.503725367155867,19,"D",0.5,0.488,"R","R"
"574","Pennsylvania",12,2186,"LV",1.247787,0.465,0.48,"PA",0.486628057239154,0.503725367155867,19,"D",0.5,0.488,"R","R"
"575","Pennsylvania",2,1840,"LV",1.239667,0.485,0.4935,"PA",0.486628057239154,0.503725367155867,19,"D",0.5,0.488,"R","R"
"576","Pennsylvania",6,1000,"LV",1.184824,0.492,0.499,"PA",0.486628057239154,0.503725367155867,19,"D",0.5,0.488,"R","R"
"577","Pennsylvania",4,2049,"LV",1.182016,0.476,0.4935,"PA",0.486628057239154,0.503725367155867,19,"D",0.5,0.488,"R","R"
"578","Pennsylvania",12,1057,"LV",1.110421,0.485,0.49,"PA",0.486628057239154,0.503725367155867,19,"D",0.5,0.488,"R","R"
"579","Pennsylvania",6,1738,"LV",1.027401,0.4765,0.4895,"PA",0.486628057239154,0.503725367155867,19,"D",0.5,0.488,"R","R"
"580","Pennsylvania",12,824,"RV",0.9522428,0.46,0.47,"PA",0.486628057239154,0.503725367155867,19,"D",0.5,0.488,"R","R"
"581","Pennsylvania",11,908,"LV",0.9000967,0.5,0.48,"PA",0.486628057239154,0.503725367155867,19,"D",0.5,0.488,"R","R"
"582","Pennsylvania",4,915,"LV",0.8868919,0.4924,0.4654,"PA",0.486628057239154,0.503725367155867,19,"D",0.5,0.488,"R","R"
"583","Pennsylvania",9,500,"LV",0.8737641,0.486,0.486,"PA",0.486628057239154,0.503725367155867,19,"D",0.5,0.488,"R","R"
"584","Pennsylvania",9,600,"LV",0.8679935,0.46,0.515,"PA",0.486628057239154,0.503725367155867,19,"D",0.5,0.488,"R","R"
"585","Pennsylvania",9,460,"LV",0.8438368,0.49,0.47,"PA",0.486628057239154,0.503725367155867,19,"D",0.5,0.488,"R","R"
"586","Pennsylvania",3,450,"LV",0.8282061,0.48,0.47,"PA",0.486628057239154,0.503725367155867,19,"D",0.5,0.488,"R","R"
"587","Pennsylvania",11,1299,"LV",0.810028,0.4675,0.4915,"PA",0.486628057239154,0.503725367155867,19,"D",0.5,0.488,"R","R"
"588","Pennsylvania",4,1089,"LV",0.809824,0.467,0.484,"PA",0.486628057239154,0.503725367155867,19,"D",0.5,0.488,"R","R"
"589","Pennsylvania",4,903,"RV",0.8096396,0.487,0.496,"PA",0.486628057239154,0.503725367155867,19,"D",0.5,0.488,"R","R"
"590","Pennsylvania",7,800,"LV",0.8060486,0.47,0.49,"PA",0.486628057239154,0.503725367155867,19,"D",0.5,0.488,"R","R"
"591","Pennsylvania",4,800,"LV",0.7684479,0.482,0.492,"PA",0.486628057239154,0.503725367155867,19,"D",0.5,0.488,"R","R"
"592","Pennsylvania",11,699,"LV",0.7583187,0.49,0.47,"PA",0.486628057239154,0.503725367155867,19,"D",0.5,0.488,"R","R"
"593","Pennsylvania",14,1538,"LV",0.7344092,0.48,0.48,"PA",0.486628057239154,0.503725367155867,19,"D",0.5,0.488,"R","R"
"594","Pennsylvania",11,956,"LV",0.7263392,0.5,0.47,"PA",0.486628057239154,0.503725367155867,19,"D",0.5,0.488,"R","R"
"595","Pennsylvania",15,860,"LV",0.7254031,0.49,0.507,"PA",0.486628057239154,0.503725367155867,19,"D",0.5,0.488,"R","R"
"596","Pennsylvania",20,800,"LV",0.7135831,0.48,0.47,"PA",0.486628057239154,0.503725367155867,19,"D",0.5,0.488,"R","R"
"597","Pennsylvania",14,600,"LV",0.6907436,0.47,0.47,"PA",0.486628057239154,0.503725367155867,19,"D",0.5,0.488,"R","R"
"598","Pennsylvania",14,1273,"LV",0.6836857,0.49,0.49,"PA",0.486628057239154,0.503725367155867,19,"D",0.5,0.488,"R","R"
"599","Pennsylvania",13,819,"LV",0.6677667,0.48,0.48,"PA",0.486628057239154,0.503725367155867,19,"D",0.5,0.488,"R","R"
"600","Pennsylvania",24,2048,"LV",0.6288108,0.4695,0.4985,"PA",0.486628057239154,0.503725367155867,19,"D",0.5,0.488,"R","R"
"601","Pennsylvania",11,849,"LV",0.6180906,0.47,0.49,"PA",0.486628057239154,0.503725367155867,19,"D",0.5,0.488,"R","R"
"602","Pennsylvania",10,800,"LV",0.6038897,0.474,0.484,"PA",0.486628057239154,0.503725367155867,19,"D",0.5,0.488,"R","R"
"603","Pennsylvania",18,500,"LV",0.5957096,0.46,0.458,"PA",0.486628057239154,0.503725367155867,19,"D",0.5,0.488,"R","R"
"604","Pennsylvania",33,2373,"LV",0.5867522,0.5,0.48,"PA",0.486628057239154,0.503725367155867,19,"D",0.5,0.488,"R","R"
"605","Pennsylvania",8,1596,"LV",0.5085739,0.48,0.48,"PA",0.486628057239154,0.503725367155867,19,"D",0.5,0.488,"R","R"
"606","Pennsylvania",29,857,"LV",0.4682966,0.495,0.46,"PA",0.486628057239154,0.503725367155867,19,"D",0.5,0.488,"R","R"
"607","Pennsylvania",35,3685,"LV",0.4463513,0.49,0.48,"PA",0.486628057239154,0.503725367155867,19,"D",0.5,0.488,"R","R"
"608","Pennsylvania",27,583,"LV",0.4240393,0.49,0.5,"PA",0.486628057239154,0.503725367155867,19,"D",0.5,0.488,"R","R"
"609","Pennsylvania",19,1084,"LV",0.4035711,0.433,0.463,"PA",0.486628057239154,0.503725367155867,19,"D",0.5,0.488,"R","R"
"610","Pennsylvania",29,803,"LV",0.3824882,0.479,0.4895,"PA",0.486628057239154,0.503725367155867,19,"D",0.5,0.488,"R","R"
"611","Pennsylvania",33,1412,"LV",0.3603066,0.49,0.465,"PA",0.486628057239154,0.503725367155867,19,"D",0.5,0.488,"R","R"
"612","Pennsylvania",36,707,"LV",0.3549488,0.49,0.47,"PA",0.486628057239154,0.503725367155867,19,"D",0.5,0.488,"R","R"
"613","Pennsylvania",20,812,"LV",0.3403625,0.5,0.48,"PA",0.486628057239154,0.503725367155867,19,"D",0.5,0.488,"R","R"
"614","Pennsylvania",25,600,"LV",0.3362066,0.49,0.485,"PA",0.486628057239154,0.503725367155867,19,"D",0.5,0.488,"R","R"
"615","Pennsylvania",31,1000,"LV",0.3343409,0.49,0.497,"PA",0.486628057239154,0.503725367155867,19,"D",0.5,0.488,"R","R"
"616","Pennsylvania",34,800,"LV",0.3211834,0.46,0.45,"PA",0.486628057239154,0.503725367155867,19,"D",0.5,0.488,"R","R"
"617","Pennsylvania",11,1116,"LV",0.3205049,0.48,0.48,"PA",0.486628057239154,0.503725367155867,19,"D",0.5,0.488,"R","R"
"618","Pennsylvania",30,1395,"LV",0.291783,0.49,0.48,"PA",0.486628057239154,0.503725367155867,19,"D",0.5,0.488,"R","R"
"619","Pennsylvania",27,1072,"LV",0.2799457,0.47,0.5,"PA",0.486628057239154,0.503725367155867,19,"D",0.5,0.488,"R","R"
"620","Pennsylvania",29,1043,"LV",0.2694111,0.5,0.48,"PA",0.486628057239154,0.503725367155867,19,"D",0.5,0.488,"R","R"
"621","Pennsylvania",16,1586,"LV",0.2665351,0.48,0.47,"PA",0.486628057239154,0.503725367155867,19,"D",0.5,0.488,"R","R"
"622","Pennsylvania",31,800,"LV",0.2655599,0.47,0.47,"PA",0.486628057239154,0.503725367155867,19,"D",0.5,0.488,"R","R"
"623","Pennsylvania",29,800,"LV",0.2617669,0.47,0.49,"PA",0.486628057239154,0.503725367155867,19,"D",0.5,0.488,"R","R"
"624","Pennsylvania",34,1193,"LV",0.2573678,0.4855,0.4975,"PA",0.486628057239154,0.503725367155867,19,"D",0.5,0.488,"R","R"
"625","Pennsylvania",34,1037,"LV",0.2342551,0.47,0.476,"PA",0.486628057239154,0.503725367155867,19,"D",0.5,0.488,"R","R"
"626","Pennsylvania",31,450,"LV",0.2105949,0.5,0.49,"PA",0.486628057239154,0.503725367155867,19,"D",0.5,0.488,"R","R"
"627","Pennsylvania",30,800,"LV",0.207748,0.48,0.49,"PA",0.486628057239154,0.503725367155867,19,"D",0.5,0.488,"R","R"
"628","Pennsylvania",20,1256,"LV",0.1906252,0.48,0.48,"PA",0.486628057239154,0.503725367155867,19,"D",0.5,0.488,"R","R"
"629","Pennsylvania",24,1649,"LV",0.1624536,0.48,0.48,"PA",0.486628057239154,0.503725367155867,19,"D",0.5,0.488,"R","R"
"630","Pennsylvania",38,600,"RV",0.1599588,0.455,0.465,"PA",0.486628057239154,0.503725367155867,19,"D",0.5,0.488,"R","R"
"631","Pennsylvania",39,5686,"LV",0.1237823,0.48,0.47,"PA",0.486628057239154,0.503725367155867,19,"D",0.5,0.488,"R","R"
"632","Pennsylvania",42,1000,"RV",0.1162511,0.468,0.447,"PA",0.486628057239154,0.503725367155867,19,"D",0.5,0.488,"R","R"
"633","Pennsylvania",28,707,"LV",0.0993728,0.46,0.48,"PA",0.486628057239154,0.503725367155867,19,"D",0.5,0.488,"R","R"
"634","Pennsylvania",39,1000,"LV",0.0988215,0.493,0.488,"PA",0.486628057239154,0.503725367155867,19,"D",0.5,0.488,"R","R"
"635","Pennsylvania",40,1090,"LV",0.0785144,0.453,0.475,"PA",0.486628057239154,0.503725367155867,19,"D",0.5,0.488,"R","R"
"636","Pennsylvania",39,816,"RV",0.0698258,0.49,0.5,"PA",0.486628057239154,0.503725367155867,19,"D",0.5,0.488,"R","R"
"637","Pennsylvania",40,800,"RV",0.0688474,0.5,0.46,"PA",0.486628057239154,0.503725367155867,19,"D",0.5,0.488,"R","R"
"638","Pennsylvania",38,800,"LV",0.051456,0.47,0.47,"PA",0.486628057239154,0.503725367155867,19,"D",0.5,0.488,"R","R"
"639","Pennsylvania",42,500,"LV",0.0496007,0.46,0.46,"PA",0.486628057239154,0.503725367155867,19,"D",0.5,0.488,"R","R"
"640","Pennsylvania",43,408,"LV",0.0372093,0.475,0.475,"PA",0.486628057239154,0.503725367155867,19,"D",0.5,0.488,"R","R"
"641","Pennsylvania",91,1078,"LV",0,0.444,0.459,"PA",0.486628057239154,0.503725367155867,19,"D",0.5,0.488,"R","R"
"642","Pennsylvania",104,804,"RV",0,0.45,0.48,"PA",0.486628057239154,0.503725367155867,19,"D",0.5,0.488,"R","R"
"643","Pennsylvania",105,400,"LV",0,0.48,0.45,"PA",0.486628057239154,0.503725367155867,19,"D",0.5,0.488,"R","R"
"644","Pennsylvania",119,872,"LV",0,0.445,0.455,"PA",0.486628057239154,0.503725367155867,19,"D",0.5,0.488,"R","R"
"645","Pennsylvania",72,1071,"LV",0,0.46,0.45,"PA",0.486628057239154,0.503725367155867,19,"D",0.5,0.488,"R","R"
"646","Pennsylvania",63,1078,"LV",0,0.5,0.5,"PA",0.486628057239154,0.503725367155867,19,"D",0.5,0.488,"R","R"
"647","Pennsylvania",82,0,"LV",0,0.475,0.465,"PA",0.486628057239154,0.503725367155867,19,"D",0.5,0.488,"R","R"
"648","Pennsylvania",47,474,"LV",0,0.495,0.48,"PA",0.486628057239154,0.503725367155867,19,"D",0.5,0.488,"R","R"
"649","Pennsylvania",74,613,"LV",0,0.46,0.46,"PA",0.486628057239154,0.503725367155867,19,"D",0.5,0.488,"R","R"
"650","Pennsylvania",47,1202,"LV",0,0.49,0.485,"PA",0.486628057239154,0.503725367155867,19,"D",0.5,0.488,"R","R"
"651","Pennsylvania",60,801,"LV",0,0.45,0.45,"PA",0.486628057239154,0.503725367155867,19,"D",0.5,0.488,"R","R"
"652","Pennsylvania",91,719,"LV",0,0.492,0.4835,"PA",0.486628057239154,0.503725367155867,19,"D",0.5,0.488,"R","R"
"653","Pennsylvania",111,624,"RV",0,0.43,0.45,"PA",0.486628057239154,0.503725367155867,19,"D",0.5,0.488,"R","R"
"654","Pennsylvania",106,600,"LV",0,0.47,0.43,"PA",0.486628057239154,0.503725367155867,19,"D",0.5,0.488,"R","R"
"655","Pennsylvania",106,851,"LV",0,0.42,0.46,"PA",0.486628057239154,0.503725367155867,19,"D",0.5,0.488,"R","R"
"656","Pennsylvania",49,600,"LV",0,0.495,0.47,"PA",0.486628057239154,0.503725367155867,19,"D",0.5,0.488,"R","R"
"657","Pennsylvania",117,537,"RV",0,0.45,0.51,"PA",0.486628057239154,0.503725367155867,19,"D",0.5,0.488,"R","R"
"658","Pennsylvania",52,800,"LV",0,0.484,0.498,"PA",0.486628057239154,0.503725367155867,19,"D",0.5,0.488,"R","R"
"659","Pennsylvania",108,600,"LV",0,0.45,0.47,"PA",0.486628057239154,0.503725367155867,19,"D",0.5,0.488,"R","R"
"660","Pennsylvania",89,1738,"LV",0,0.49,0.46,"PA",0.486628057239154,0.503725367155867,19,"D",0.5,0.488,"R","R"
"661","Pennsylvania",54,1331,"LV",0,0.51,0.455,"PA",0.486628057239154,0.503725367155867,19,"D",0.5,0.488,"R","R"
"662","Pennsylvania",54,800,"LV",0,0.51,0.465,"PA",0.486628057239154,0.503725367155867,19,"D",0.5,0.488,"R","R"
"663","Pennsylvania",50,1086,"LV",0,0.47,0.47,"PA",0.486628057239154,0.503725367155867,19,"D",0.5,0.488,"R","R"
"664","Pennsylvania",57,1756,"LV",0,0.4874,0.467,"PA",0.486628057239154,0.503725367155867,19,"D",0.5,0.488,"R","R"
"665","Pennsylvania",79,800,"LV",0,0.46,0.466,"PA",0.486628057239154,0.503725367155867,19,"D",0.5,0.488,"R","R"
"666","Pennsylvania",91,693,"LV",0,0.48,0.45,"PA",0.486628057239154,0.503725367155867,19,"D",0.5,0.488,"R","R"
"667","Pennsylvania",106,850,"RV",0,0.466,0.486,"PA",0.486628057239154,0.503725367155867,19,"D",0.5,0.488,"R","R"
"668","Pennsylvania",84,1000,"LV",0,0.4805,0.4905,"PA",0.486628057239154,0.503725367155867,19,"D",0.5,0.488,"R","R"
"669","Pennsylvania",89,500,"RV",0,0.47,0.43,"PA",0.486628057239154,0.503725367155867,19,"D",0.5,0.488,"R","R"
"670","Pennsylvania",85,825,"LV",0,0.46,0.44,"PA",0.486628057239154,0.503725367155867,19,"D",0.5,0.488,"R","R"
"671","Pennsylvania",62,890,"RV",0,0.49,0.46,"PA",0.486628057239154,0.503725367155867,19,"D",0.5,0.488,"R","R"
"672","Pennsylvania",55,1082,"LV",0,0.495,0.455,"PA",0.486628057239154,0.503725367155867,19,"D",0.5,0.488,"R","R"
"673","Pennsylvania",48,783,"LV",0,0.49,0.49,"PA",0.486628057239154,0.503725367155867,19,"D",0.5,0.488,"R","R"
"674","Pennsylvania",63,1120,"LV",0,0.5035,0.486,"PA",0.486628057239154,0.503725367155867,19,"D",0.5,0.488,"R","R"
"675","Pennsylvania",69,1082,"LV",0,0.449,0.47,"PA",0.486628057239154,0.503725367155867,19,"D",0.5,0.488,"R","R"
"676","Pennsylvania",78,400,"LV",0,0.445,0.45,"PA",0.486628057239154,0.503725367155867,19,"D",0.5,0.488,"R","R"
"677","Pennsylvania",55,800,"LV",0,0.48,0.46,"PA",0.486628057239154,0.503725367155867,19,"D",0.5,0.488,"R","R"
"678","Pennsylvania",47,654,"RV",0,0.47,0.45,"PA",0.486628057239154,0.503725367155867,19,"D",0.5,0.488,"R","R"
"679","Pennsylvania",99,627,"RV",0,0.47,0.48,"PA",0.486628057239154,0.503725367155867,19,"D",0.5,0.488,"R","R"
"680","Pennsylvania",113,800,"LV",0,0.4,0.47,"PA",0.486628057239154,0.503725367155867,19,"D",0.5,0.488,"R","R"
"681","Pennsylvania",50,450,"LV",0,0.48,0.48,"PA",0.486628057239154,0.503725367155867,19,"D",0.5,0.488,"R","R"
"682","Pennsylvania",54,1003,"LV",0,0.48,0.475,"PA",0.486628057239154,0.503725367155867,19,"D",0.5,0.488,"R","R"
"683","Pennsylvania",106,1034,"RV",0,0.47,0.46,"PA",0.486628057239154,0.503725367155867,19,"D",0.5,0.488,"R","R"
"684","Pennsylvania",97,743,"LV",0,0.44,0.46,"PA",0.486628057239154,0.503725367155867,19,"D",0.5,0.488,"R","R"
"685","Pennsylvania",74,789,"LV",0,0.47,0.47,"PA",0.486628057239154,0.503725367155867,19,"D",0.5,0.488,"R","R"
"686","Pennsylvania",46,1775,"LV",0,0.4805,0.508,"PA",0.486628057239154,0.503725367155867,19,"D",0.5,0.488,"R","R"
"687","Pennsylvania",105,800,"RV",0,0.46,0.455,"PA",0.486628057239154,0.503725367155867,19,"D",0.5,0.488,"R","R"
"688","Pennsylvania",97,600,"LV",0,0.45,0.47,"PA",0.486628057239154,0.503725367155867,19,"D",0.5,0.488,"R","R"
"689","Pennsylvania",55,500,"LV",0,0.486,0.456,"PA",0.486628057239154,0.503725367155867,19,"D",0.5,0.488,"R","R"
"690","Pennsylvania",50,700,"LV",0,0.46,0.46,"PA",0.486628057239154,0.503725367155867,19,"D",0.5,0.488,"R","R"
"691","Pennsylvania",54,1476,"LV",0,0.49,0.49,"PA",0.486628057239154,0.503725367155867,19,"D",0.5,0.488,"R","R"
"692","Pennsylvania",70,1607,"LV",0,0.48,0.485,"PA",0.486628057239154,0.503725367155867,19,"D",0.5,0.488,"R","R"
"693","Pennsylvania",67,1910,"LV",0,0.4934,0.4634,"PA",0.486628057239154,0.503725367155867,19,"D",0.5,0.488,"R","R"
"694","Pennsylvania",99,600,"LV",0,0.465,0.465,"PA",0.486628057239154,0.503725367155867,19,"D",0.5,0.488,"R","R"
"695","Pennsylvania",83,800,"LV",0,0.456,0.457,"PA",0.486628057239154,0.503725367155867,19,"D",0.5,0.488,"R","R"
"696","Pennsylvania",65,857,"RV",0,0.479,0.49,"PA",0.486628057239154,0.503725367155867,19,"D",0.5,0.488,"R","R"
"697","Pennsylvania",102,500,"LV",0,0.5,0.46,"PA",0.486628057239154,0.503725367155867,19,"D",0.5,0.488,"R","R"
"698","Pennsylvania",102,411,"LV",0,0.485,0.455,"PA",0.486628057239154,0.503725367155867,19,"D",0.5,0.488,"R","R"
"699","Pennsylvania",62,889,"LV",0,0.46,0.48,"PA",0.486628057239154,0.503725367155867,19,"D",0.5,0.488,"R","R"
"700","Pennsylvania",51,880,"LV",0,0.496,0.493,"PA",0.486628057239154,0.503725367155867,19,"D",0.5,0.488,"R","R"
"701","Pennsylvania",74,758,"LV",0,0.51,0.47,"PA",0.486628057239154,0.503725367155867,19,"D",0.5,0.488,"R","R"
"702","Pennsylvania",72,950,"LV",0,0.494,0.494,"PA",0.486628057239154,0.503725367155867,19,"D",0.5,0.488,"R","R"
"703","Pennsylvania",74,940,"LV",0,0.48,0.46,"PA",0.486628057239154,0.503725367155867,19,"D",0.5,0.488,"R","R"
"704","Pennsylvania",83,600,"LV",0,0.4725,0.461,"PA",0.486628057239154,0.503725367155867,19,"D",0.5,0.488,"R","R"
"705","Pennsylvania",115,536,"RV",0,0.44,0.46,"PA",0.486628057239154,0.503725367155867,19,"D",0.5,0.488,"R","R"
"706","Pennsylvania",47,400,"LV",0,0.48,0.48,"PA",0.486628057239154,0.503725367155867,19,"D",0.5,0.488,"R","R"
"707","Pennsylvania",47,924,"LV",0,0.51,0.455,"PA",0.486628057239154,0.503725367155867,19,"D",0.5,0.488,"R","R"
"708","Pennsylvania",84,1312,"LV",0,0.46,0.46,"PA",0.486628057239154,0.503725367155867,19,"D",0.5,0.488,"R","R"
"709","Pennsylvania",107,920,"RV",0,0.46,0.43,"PA",0.486628057239154,0.503725367155867,19,"D",0.5,0.488,"R","R"
"710","Pennsylvania",46,775,"LV",0,0.48,0.485,"PA",0.486628057239154,0.503725367155867,19,"D",0.5,0.488,"R","R"
"711","Pennsylvania",50,800,"LV",0,0.47,0.48,"PA",0.486628057239154,0.503725367155867,19,"D",0.5,0.488,"R","R"
"712","Texas",4,2434,"LV",1.955314,0.4395,0.541,"TX",0.424566547431246,0.561399597529967,40,"R",0.465,0.521,"R","R"
"713","Texas",13,1180,"LV",1.247086,0.41,0.515,"TX",0.424566547431246,0.561399597529967,40,"R",0.465,0.521,"R","R"
"714","Texas",10,600,"LV",0.9586907,0.43,0.51,"TX",0.424566547431246,0.561399597529967,40,"R",0.465,0.521,"R","R"
"715","Texas",14,2120,"LV",0.9124334,0.45,0.517,"TX",0.424566547431246,0.561399597529967,40,"R",0.465,0.521,"R","R"
"716","Texas",18,815,"LV",0.7599373,0.459,0.531,"TX",0.424566547431246,0.561399597529967,40,"R",0.465,0.521,"R","R"
"717","Texas",12,1002,"LV",0.6577399,0.44,0.5,"TX",0.424566547431246,0.561399597529967,40,"R",0.465,0.521,"R","R"
"718","Texas",35,6473,"LV",0.5181959,0.47,0.51,"TX",0.424566547431246,0.561399597529967,40,"R",0.465,0.521,"R","R"
"719","Texas",22,956,"LV",0.5105978,0.46,0.51,"TX",0.424566547431246,0.561399597529967,40,"R",0.465,0.521,"R","R"
"720","Texas",30,2048,"LV",0.3562059,0.46,0.5,"TX",0.424566547431246,0.561399597529967,40,"R",0.465,0.521,"R","R"
"721","Texas",33,1186,"LV",0.3352367,0.46,0.53,"TX",0.424566547431246,0.561399597529967,40,"R",0.465,0.521,"R","R"
"722","Texas",29,1075,"LV",0.2527057,0.46,0.51,"TX",0.424566547431246,0.561399597529967,40,"R",0.465,0.521,"R","R"
"723","Texas",34,1091,"LV",0.1914793,0.46,0.51,"TX",0.424566547431246,0.561399597529967,40,"R",0.465,0.521,"R","R"
"724","Texas",34,775,"LV",0.1873845,0.45,0.5,"TX",0.424566547431246,0.561399597529967,40,"R",0.465,0.521,"R","R"
"725","Texas",37,617,"LV",0.1712317,0.43,0.495,"TX",0.424566547431246,0.561399597529967,40,"R",0.465,0.521,"R","R"
"726","Texas",40,1329,"LV",0.1684223,0.46,0.51,"TX",0.424566547431246,0.561399597529967,40,"R",0.465,0.521,"R","R"
"727","Texas",35,533,"LV",0.0983264,0.43,0.48,"TX",0.424566547431246,0.561399597529967,40,"R",0.465,0.521,"R","R"
"728","Texas",63,845,"LV",0,0.48,0.509,"TX",0.424566547431246,0.561399597529967,40,"R",0.465,0.521,"R","R"
"729","Texas",53,1200,"LV",0,0.44,0.5,"TX",0.424566547431246,0.561399597529967,40,"R",0.465,0.521,"R","R"
"730","Texas",62,504,"LV",0,0.41,0.51,"TX",0.424566547431246,0.561399597529967,40,"R",0.465,0.521,"R","R"
"731","Texas",73,800,"RV",0,0.43,0.51,"TX",0.424566547431246,0.561399597529967,40,"R",0.465,0.521,"R","R"
"732","Texas",57,2716,"LV",0,0.4577,0.4958,"TX",0.424566547431246,0.561399597529967,40,"R",0.465,0.521,"R","R"
"733","Texas",92,1365,"LV",0,0.446,0.495,"TX",0.424566547431246,0.561399597529967,40,"R",0.465,0.521,"R","R"
"734","Texas",41,759,"RV",0,0.45,0.5,"TX",0.424566547431246,0.561399597529967,40,"R",0.465,0.521,"R","R"
"735","Texas",74,1200,"RV",0,0.44,0.49,"TX",0.424566547431246,0.561399597529967,40,"R",0.465,0.521,"R","R"
"736","Texas",76,725,"RV",0,0.43,0.47,"TX",0.424566547431246,0.561399597529967,40,"R",0.465,0.521,"R","R"
"737","Texas",44,950,"LV",0,0.467,0.523,"TX",0.424566547431246,0.561399597529967,40,"R",0.465,0.521,"R","R"
"738","Texas",67,2940,"LV",0,0.4343,0.5175,"TX",0.424566547431246,0.561399597529967,40,"R",0.465,0.521,"R","R"
"739","Texas",41,779,"LV",0,0.46,0.53,"TX",0.424566547431246,0.561399597529967,40,"R",0.465,0.521,"R","R"
"740","Virginia",4,2202,"LV",1.893952,0.509,0.455,"VA",0.51823867360915,0.460573918434708,13,"D",0.541,0.44,"D","D"
"741","Virginia",9,600,"LV",0.9946496,0.503,0.427,"VA",0.51823867360915,0.460573918434708,13,"D",0.541,0.44,"D","D"
"742","Virginia",17,1004,"LV",0.9378279,0.49,0.43,"VA",0.51823867360915,0.460573918434708,13,"D",0.541,0.44,"D","D"
"743","Virginia",3,450,"LV",0.8516576,0.51,0.45,"VA",0.51823867360915,0.460573918434708,13,"D",0.541,0.44,"D","D"
"744","Virginia",8,520,"LV",0.738071,0.452,0.445,"VA",0.51823867360915,0.460573918434708,13,"D",0.541,0.44,"D","D"
"745","Virginia",12,1014,"LV",0.6593655,0.48,0.46,"VA",0.51823867360915,0.460573918434708,13,"D",0.541,0.44,"D","D"
"746","Virginia",11,851,"LV",0.6307525,0.51,0.41,"VA",0.51823867360915,0.460573918434708,13,"D",0.541,0.44,"D","D"
"747","Virginia",35,2015,"LV",0.5323209,0.52,0.44,"VA",0.51823867360915,0.460573918434708,13,"D",0.541,0.44,"D","D"
"748","Virginia",38,800,"LV",0.1538925,0.52,0.41,"VA",0.51823867360915,0.460573918434708,13,"D",0.541,0.44,"D","D"
"749","Virginia",44,860,"LV",0,0.527,0.462,"VA",0.51823867360915,0.460573918434708,13,"D",0.541,0.44,"D","D"
"750","Virginia",116,544,"LV",0,0.445,0.4,"VA",0.51823867360915,0.460573918434708,13,"D",0.541,0.44,"D","D"
"751","Virginia",114,1000,"RV",0,0.445,0.467,"VA",0.51823867360915,0.460573918434708,13,"D",0.541,0.44,"D","D"
"752","Virginia",62,1005,"LV",0,0.505,0.425,"VA",0.51823867360915,0.460573918434708,13,"D",0.541,0.44,"D","D"
"753","Virginia",67,873,"LV",0,0.5197,0.4224,"VA",0.51823867360915,0.460573918434708,13,"D",0.541,0.44,"D","D"
"754","Virginia",47,1144,"LV",0,0.49,0.46,"VA",0.51823867360915,0.460573918434708,13,"D",0.541,0.44,"D","D"
"755","Virginia",119,661,"LV",0,0.46,0.415,"VA",0.51823867360915,0.460573918434708,13,"D",0.541,0.44,"D","D"
"756","Virginia",71,749,"RV",0,0.494,0.357,"VA",0.51823867360915,0.460573918434708,13,"D",0.541,0.44,"D","D"
"757","Virginia",114,265,"LV",0,0.42,0.46,"VA",0.51823867360915,0.460573918434708,13,"D",0.541,0.44,"D","D"
"758","Virginia",50,762,"RV",0,0.474,0.366,"VA",0.51823867360915,0.460573918434708,13,"D",0.541,0.44,"D","D"
"759","Virginia",57,899,"LV",0,0.5076,0.4444,"VA",0.51823867360915,0.460573918434708,13,"D",0.541,0.44,"D","D"
"760","Virginia",85,691,"LV",0,0.46,0.43,"VA",0.51823867360915,0.460573918434708,13,"D",0.541,0.44,"D","D"
"761","Virginia",63,756,"LV",0,0.475,0.46,"VA",0.51823867360915,0.460573918434708,13,"D",0.541,0.44,"D","D"
"762","Wisconsin",11,1305,"LV",1.474631,0.485,0.46,"WI",0.487370424883097,0.495958711251628,10,"D",0.494,0.488,"R","R"
"763","Wisconsin",9,1330,"LV",1.323816,0.5,0.48,"WI",0.487370424883097,0.495958711251628,10,"D",0.494,0.488,"R","R"
"764","Wisconsin",6,800,"LV",1.102995,0.495,0.498,"WI",0.487370424883097,0.495958711251628,10,"D",0.494,0.488,"R","R"
"765","Wisconsin",8,831,"LV",1.076114,0.48,0.475,"WI",0.487370424883097,0.495958711251628,10,"D",0.494,0.488,"R","R"
"766","Wisconsin",2,869,"LV",1.030748,0.4825,0.493,"WI",0.487370424883097,0.495958711251628,10,"D",0.494,0.488,"R","R"
"767","Wisconsin",11,1470,"LV",0.9446674,0.483,0.4885,"WI",0.487370424883097,0.495958711251628,10,"D",0.494,0.488,"R","R"
"768","Wisconsin",11,867,"LV",0.9192008,0.5,0.46,"WI",0.487370424883097,0.495958711251628,10,"D",0.494,0.488,"R","R"
"769","Wisconsin",4,728,"LV",0.8798544,0.483,0.4945,"WI",0.487370424883097,0.495958711251628,10,"D",0.494,0.488,"R","R"
"770","Wisconsin",9,600,"LV",0.8679935,0.485,0.485,"WI",0.487370424883097,0.495958711251628,10,"D",0.494,0.488,"R","R"
"771","Wisconsin",3,450,"LV",0.8282061,0.49,0.46,"WI",0.487370424883097,0.495958711251628,10,"D",0.494,0.488,"R","R"
"772","Wisconsin",4,1086,"LV",0.7977871,0.482,0.47,"WI",0.487370424883097,0.495958711251628,10,"D",0.494,0.488,"R","R"
"773","Wisconsin",6,673,"LV",0.79017,0.486,0.4865,"WI",0.487370424883097,0.495958711251628,10,"D",0.494,0.488,"R","R"
"774","Wisconsin",20,753,"LV",0.7875691,0.48,0.465,"WI",0.487370424883097,0.495958711251628,10,"D",0.494,0.488,"R","R"
"775","Wisconsin",4,835,"RV",0.7834483,0.49,0.487,"WI",0.487370424883097,0.495958711251628,10,"D",0.494,0.488,"R","R"
"776","Wisconsin",11,786,"LV",0.7800022,0.49,0.48,"WI",0.487370424883097,0.495958711251628,10,"D",0.494,0.488,"R","R"
"777","Wisconsin",4,800,"LV",0.7684479,0.476,0.489,"WI",0.487370424883097,0.495958711251628,10,"D",0.494,0.488,"R","R"
"778","Wisconsin",15,800,"LV",0.7144757,0.492,0.499,"WI",0.487370424883097,0.495958711251628,10,"D",0.494,0.488,"R","R"
"779","Wisconsin",19,1108,"LV",0.7121869,0.48,0.48,"WI",0.487370424883097,0.495958711251628,10,"D",0.494,0.488,"R","R"
"780","Wisconsin",7,800,"LV",0.6873302,0.47,0.48,"WI",0.487370424883097,0.495958711251628,10,"D",0.494,0.488,"R","R"
"781","Wisconsin",16,500,"LV",0.6720095,0.466,0.48,"WI",0.487370424883097,0.495958711251628,10,"D",0.494,0.488,"R","R"
"782","Wisconsin",13,736,"LV",0.6519297,0.51,0.45,"WI",0.487370424883097,0.495958711251628,10,"D",0.494,0.488,"R","R"
"783","Wisconsin",11,818,"LV",0.6042746,0.47,0.5,"WI",0.487370424883097,0.495958711251628,10,"D",0.494,0.488,"R","R"
"784","Wisconsin",10,800,"LV",0.5979302,0.48,0.49,"WI",0.487370424883097,0.495958711251628,10,"D",0.494,0.488,"R","R"
"785","Wisconsin",14,540,"LV",0.569032,0.476,0.482,"WI",0.487370424883097,0.495958711251628,10,"D",0.494,0.488,"R","R"
"786","Wisconsin",33,1799,"LV",0.5572676,0.5,0.47,"WI",0.487370424883097,0.495958711251628,10,"D",0.494,0.488,"R","R"
"787","Wisconsin",24,932,"LV",0.5064491,0.4895,0.483,"WI",0.487370424883097,0.495958711251628,10,"D",0.494,0.488,"R","R"
"788","Wisconsin",8,932,"LV",0.4858282,0.48,0.47,"WI",0.487370424883097,0.495958711251628,10,"D",0.494,0.488,"R","R"
"789","Wisconsin",35,1542,"LV",0.4812598,0.5,0.47,"WI",0.487370424883097,0.495958711251628,10,"D",0.494,0.488,"R","R"
"790","Wisconsin",18,1083,"LV",0.4199805,0.466,0.468,"WI",0.487370424883097,0.495958711251628,10,"D",0.494,0.488,"R","R"
"791","Wisconsin",26,787,"LV",0.3924952,0.49,0.5,"WI",0.487370424883097,0.495958711251628,10,"D",0.494,0.488,"R","R"
"792","Wisconsin",25,600,"LV",0.37227,0.49,0.465,"WI",0.487370424883097,0.495958711251628,10,"D",0.494,0.488,"R","R"
"793","Wisconsin",31,1000,"LV",0.3616359,0.492,0.499,"WI",0.487370424883097,0.495958711251628,10,"D",0.494,0.488,"R","R"
"794","Wisconsin",20,624,"LV",0.3575122,0.475,0.475,"WI",0.487370424883097,0.495958711251628,10,"D",0.494,0.488,"R","R"
"795","Wisconsin",36,695,"LV",0.3574437,0.5,0.47,"WI",0.487370424883097,0.495958711251628,10,"D",0.494,0.488,"R","R"
"796","Wisconsin",11,746,"LV",0.3386429,0.49,0.47,"WI",0.487370424883097,0.495958711251628,10,"D",0.494,0.488,"R","R"
"797","Wisconsin",17,600,"LV",0.3133857,0.47,0.48,"WI",0.487370424883097,0.495958711251628,10,"D",0.494,0.488,"R","R"
"798","Wisconsin",33,1073,"LV",0.3114079,0.465,0.485,"WI",0.487370424883097,0.495958711251628,10,"D",0.494,0.488,"R","R"
"799","Wisconsin",27,1004,"LV",0.2846406,0.47,0.49,"WI",0.487370424883097,0.495958711251628,10,"D",0.494,0.488,"R","R"
"800","Wisconsin",24,803,"RV",0.278563,0.49,0.5,"WI",0.487370424883097,0.495958711251628,10,"D",0.494,0.488,"R","R"
"801","Wisconsin",28,800,"LV",0.270295,0.48,0.48,"WI",0.487370424883097,0.495958711251628,10,"D",0.494,0.488,"R","R"
"802","Wisconsin",30,527,"LV",0.2323232,0.47,0.48,"WI",0.487370424883097,0.495958711251628,10,"D",0.494,0.488,"R","R"
"803","Wisconsin",16,557,"LV",0.2305361,0.49,0.47,"WI",0.487370424883097,0.495958711251628,10,"D",0.494,0.488,"R","R"
"804","Wisconsin",31,450,"LV",0.2105949,0.5,0.48,"WI",0.487370424883097,0.495958711251628,10,"D",0.494,0.488,"R","R"
"805","Wisconsin",30,800,"LV",0.207748,0.48,0.49,"WI",0.487370424883097,0.495958711251628,10,"D",0.494,0.488,"R","R"
"806","Wisconsin",20,622,"LV",0.1998627,0.47,0.46,"WI",0.487370424883097,0.495958711251628,10,"D",0.494,0.488,"R","R"
"807","Wisconsin",24,641,"LV",0.1664608,0.48,0.47,"WI",0.487370424883097,0.495958711251628,10,"D",0.494,0.488,"R","R"
"808","Wisconsin",38,600,"RV",0.1599588,0.47,0.465,"WI",0.487370424883097,0.495958711251628,10,"D",0.494,0.488,"R","R"
"809","Wisconsin",34,700,"LV",0.1577898,0.47,0.48,"WI",0.487370424883097,0.495958711251628,10,"D",0.494,0.488,"R","R"
"810","Wisconsin",38,1079,"LV",0.094016,0.46,0.471,"WI",0.487370424883097,0.495958711251628,10,"D",0.494,0.488,"R","R"
"811","Wisconsin",39,533,"LV",0.0821738,0.47,0.46,"WI",0.487370424883097,0.495958711251628,10,"D",0.494,0.488,"R","R"
"812","Wisconsin",42,500,"LV",0.0776417,0.46,0.47,"WI",0.487370424883097,0.495958711251628,10,"D",0.494,0.488,"R","R"
"813","Wisconsin",43,408,"LV",0.0372093,0.47,0.455,"WI",0.487370424883097,0.495958711251628,10,"D",0.494,0.488,"R","R"
"814","Wisconsin",45,680,"LV",0.0231151,0.485,0.465,"WI",0.487370424883097,0.495958711251628,10,"D",0.494,0.488,"R","R"
"815","Wisconsin",55,600,"LV",0,0.485,0.465,"WI",0.487370424883097,0.495958711251628,10,"D",0.494,0.488,"R","R"
"816","Wisconsin",84,1099,"LV",0,0.47,0.465,"WI",0.487370424883097,0.495958711251628,10,"D",0.494,0.488,"R","R"
"817","Wisconsin",97,800,"RV",0,0.48,0.45,"WI",0.487370424883097,0.495958711251628,10,"D",0.494,0.488,"R","R"
"818","Wisconsin",69,738,"LV",0,0.5,0.455,"WI",0.487370424883097,0.495958711251628,10,"D",0.494,0.488,"R","R"
"819","Wisconsin",85,976,"LV",0,0.467,0.459,"WI",0.487370424883097,0.495958711251628,10,"D",0.494,0.488,"R","R"
"820","Wisconsin",54,800,"LV",0,0.52,0.455,"WI",0.487370424883097,0.495958711251628,10,"D",0.494,0.488,"R","R"
"821","Wisconsin",118,548,"RV",0,0.48,0.49,"WI",0.487370424883097,0.495958711251628,10,"D",0.494,0.488,"R","R"
"822","Wisconsin",82,0,"LV",0,0.5,0.455,"WI",0.487370424883097,0.495958711251628,10,"D",0.494,0.488,"R","R"
"823","Wisconsin",122,600,"LV",0,0.47,0.48,"WI",0.487370424883097,0.495958711251628,10,"D",0.494,0.488,"R","R"
"824","Wisconsin",74,976,"LV",0,0.5,0.44,"WI",0.487370424883097,0.495958711251628,10,"D",0.494,0.488,"R","R"
"825","Wisconsin",60,626,"LV",0,0.49,0.46,"WI",0.487370424883097,0.495958711251628,10,"D",0.494,0.488,"R","R"
"826","Wisconsin",63,1019,"LV",0,0.523,0.465,"WI",0.487370424883097,0.495958711251628,10,"D",0.494,0.488,"R","R"
"827","Wisconsin",78,600,"LV",0,0.48,0.45,"WI",0.487370424883097,0.495958711251628,10,"D",0.494,0.488,"R","R"
"828","Wisconsin",69,1083,"LV",0,0.462,0.473,"WI",0.487370424883097,0.495958711251628,10,"D",0.494,0.488,"R","R"
"829","Wisconsin",48,798,"LV",0,0.505,0.46,"WI",0.487370424883097,0.495958711251628,10,"D",0.494,0.488,"R","R"
"830","Wisconsin",85,469,"LV",0,0.48,0.44,"WI",0.487370424883097,0.495958711251628,10,"D",0.494,0.488,"R","R"
"831","Wisconsin",50,800,"LV",0,0.48,0.48,"WI",0.487370424883097,0.495958711251628,10,"D",0.494,0.488,"R","R"
"832","Wisconsin",92,661,"LV",0,0.495,0.445,"WI",0.487370424883097,0.495958711251628,10,"D",0.494,0.488,"R","R"
"833","Wisconsin",62,917,"LV",0,0.47,0.47,"WI",0.487370424883097,0.495958711251628,10,"D",0.494,0.488,"R","R"
"834","Wisconsin",67,638,"LV",0,0.4948,0.4619,"WI",0.487370424883097,0.495958711251628,10,"D",0.494,0.488,"R","R"
"835","Wisconsin",54,1075,"LV",0,0.485,0.475,"WI",0.487370424883097,0.495958711251628,10,"D",0.494,0.488,"R","R"
"836","Wisconsin",72,672,"LV",0,0.48,0.44,"WI",0.487370424883097,0.495958711251628,10,"D",0.494,0.488,"R","R"
"837","Wisconsin",91,800,"LV",0,0.483,0.486,"WI",0.487370424883097,0.495958711251628,10,"D",0.494,0.488,"R","R"
"838","Wisconsin",74,855,"LV",0,0.48,0.45,"WI",0.487370424883097,0.495958711251628,10,"D",0.494,0.488,"R","R"
"839","Wisconsin",51,1000,"LV",0,0.487,0.503,"WI",0.487370424883097,0.495958711251628,10,"D",0.494,0.488,"R","R"
"840","Wisconsin",49,788,"LV",0,0.5,0.49,"WI",0.487370424883097,0.495958711251628,10,"D",0.494,0.488,"R","R"
"841","Wisconsin",65,826,"RV",0,0.479,0.477,"WI",0.487370424883097,0.495958711251628,10,"D",0.494,0.488,"R","R"
"842","Wisconsin",91,700,"LV",0,0.5105,0.4575,"WI",0.487370424883097,0.495958711251628,10,"D",0.494,0.488,"R","R"
"843","Wisconsin",74,518,"LV",0,0.47,0.47,"WI",0.487370424883097,0.495958711251628,10,"D",0.494,0.488,"R","R"
"844","Wisconsin",106,845,"RV",0,0.48,0.4715,"WI",0.487370424883097,0.495958711251628,10,"D",0.494,0.488,"R","R"
"845","Wisconsin",97,600,"LV",0,0.465,0.465,"WI",0.487370424883097,0.495958711251628,10,"D",0.494,0.488,"R","R"
"846","Wisconsin",63,946,"LV",0,0.51,0.49,"WI",0.487370424883097,0.495958711251628,10,"D",0.494,0.488,"R","R"
"847","Wisconsin",83,600,"LV",0,0.471,0.438,"WI",0.487370424883097,0.495958711251628,10,"D",0.494,0.488,"R","R"
"848","Wisconsin",47,411,"LV",0,0.485,0.465,"WI",0.487370424883097,0.495958711251628,10,"D",0.494,0.488,"R","R"
"849","Wisconsin",106,523,"LV",0,0.44,0.44,"WI",0.487370424883097,0.495958711251628,10,"D",0.494,0.488,"R","R"
"850","Wisconsin",104,801,"LV",0,0.48,0.47,"WI",0.487370424883097,0.495958711251628,10,"D",0.494,0.488,"R","R"
"851","Wisconsin",78,400,"LV",0,0.48,0.435,"WI",0.487370424883097,0.495958711251628,10,"D",0.494,0.488,"R","R"
"852","Wisconsin",55,800,"LV",0,0.49,0.466,"WI",0.487370424883097,0.495958711251628,10,"D",0.494,0.488,"R","R"
"853","Wisconsin",105,400,"LV",0,0.48,0.46,"WI",0.487370424883097,0.495958711251628,10,"D",0.494,0.488,"R","R"
"854","Wisconsin",72,850,"LV",0,0.491,0.498,"WI",0.487370424883097,0.495958711251628,10,"D",0.494,0.488,"R","R"
"855","Wisconsin",46,1077,"LV",0,0.482,0.4965,"WI",0.487370424883097,0.495958711251628,10,"D",0.494,0.488,"R","R"
"856","Wisconsin",57,600,"LV",0,0.5022,0.443,"WI",0.487370424883097,0.495958711251628,10,"D",0.494,0.488,"R","R"
"857","Wisconsin",50,600,"LV",0,0.47,0.47,"WI",0.487370424883097,0.495958711251628,10,"D",0.494,0.488,"R","R"
"858","Wisconsin",47,400,"LV",0,0.51,0.45,"WI",0.487370424883097,0.495958711251628,10,"D",0.494,0.488,"R","R"
"859","Wisconsin",47,785,"LV",0,0.505,0.475,"WI",0.487370424883097,0.495958711251628,10,"D",0.494,0.488,"R","R"
"860","Wisconsin",115,514,"RV",0,0.48,0.48,"WI",0.487370424883097,0.495958711251628,10,"D",0.494,0.488,"R","R"
"861","Wisconsin",47,1071,"LV",0,0.49,0.49,"WI",0.487370424883097,0.495958711251628,10,"D",0.494,0.488,"R","R"
"862","Wisconsin",97,597,"LV",0,0.43,0.43,"WI",0.487370424883097,0.495958711251628,10,"D",0.494,0.488,"R","R"
"863","Wisconsin",89,500,"RV",0,0.5,0.41,"WI",0.487370424883097,0.495958711251628,10,"D",0.494,0.488,"R","R"
"864","Wisconsin",106,1046,"RV",0,0.475,0.48,"WI",0.487370424883097,0.495958711251628,10,"D",0.494,0.488,"R","R"
"865","Wisconsin",74,648,"LV",0,0.525,0.44,"WI",0.487370424883097,0.495958711251628,10,"D",0.494,0.488,"R","R"
"866","Wisconsin",102,404,"LV",0,0.485,0.445,"WI",0.487370424883097,0.495958711251628,10,"D",0.494,0.488,"R","R"
"867","Wisconsin",54,1194,"LV",0,0.5,0.49,"WI",0.487370424883097,0.495958711251628,10,"D",0.494,0.488,"R","R"
"868","Wisconsin",104,700,"RV",0,0.465,0.46,"WI",0.487370424883097,0.495958711251628,10,"D",0.494,0.488,"R","R"
